여행지,주소,행정구역,시군구,분류,트립어드바이저평점,카테고리,최종긍정,최종부정,,,,
63스퀘어,"영등포구 63로 50, 서울",서울시,영등포구,건축물,4,랜드마크,0.79268629,0.207313714,,,,
BIFF 광장,"중구 남포동, 부산",부산광역시,중구,즐길거리 & 랜드마크,4,랜드마크,0.544368811,0.455631196,,,,
SEA LIFE 부산아쿠아리움,"해운대구 해운대해변로 266, 부산",부산광역시,해운대구,수족관,4,랜드마크,0.714060058,0.285939942,,,,
가야산 국립공원,경남 합천군 가야면,경상남도,합천군,국립공원,4.5,공원,0.897052099,0.102947913,,,,
간월재,"울주군 상북면, 울산",울산광역시,울주군,산림,4.5,산,0.802439071,0.197560936,,,,
간절곶,"울주군 서생면 대송리, 울산",울산광역시,울주군,전망대 & 타워,4.5,랜드마크,0.969634277,0.03036573,,,,
감은사지,"55-1, Yongdang-ri, Yangbuk-myeon, 경주",경상북도,경주시,역사적인 장소,4,역사적인 장소,0.789130735,0.210869268,,,,
갑곶돈대,"강화읍 해안동로 1366번길 18, 인천",인천광역시,강화군,역사적인 장소 • 전쟁터 유적지,4.5,역사적인 장소,0.881339538,0.11866046,,,,
갑사,"계룡면 중장리 52, 공주",충청남도,공주시,종교적인 장소,4,종교적인 장소,0.946699363,0.053300642,,,,
강릉선교장,"431 Unjeong-dong, 강릉, 강원",강원도,강릉시,역사적인 장소,4,역사적인 장소,0.692424641,0.307575361,,,,
강진 청자박물관,"대구면 청자촌길 21-11, 강진, 전라남도",전라남도,강진군,전문 박물관,4,박물관,0.755599582,0.24440043,,,,
강천산,"군 팔덕면 강천산길 270 일대, 순창",전라북도,순창군,공원,4.5,공원,0.936779425,0.063220586,,,,
강촌,"신동면 증리 323-2, 춘천, 강원도",강원도,춘천시,놀이공원 & 테마파크,4.5,랜드마크,0.938287386,0.061712618,,,,
강화 풍물시장,"강화군 강화읍 중앙로 17-9, 인천",인천광역시,강화군,벼룩시장 & 재래시장,3.5,랜드마크,0.942917705,0.05708231,,,,
강화역사박물관,"하점면 강화대로 994-19, 인천",인천광역시,강화군,역사박물관,4.5,박물관,0.782250551,0.217749447,,,,
개실마을,"쌍림면 개실1길 29, 고령",경상북도,고령군,역사적인 장소 • 즐길거리 & 랜드마크,5,역사적인 장소,0.820516468,0.179483563,,,,
개심사,"동구 판암로 128-269, 서산",충청남도,서산시,종교적인 장소,4,종교적인 장소,0.886109658,0.113890316,,,,
개암사,"개암사 248 개암로, 부안, 전라북도",전라북도,부안군,종교적인 장소,4,종교적인 장소,0.824559875,0.175440134,,,,
거북선모형관,"중앙동 236, 통영",전라남도,여수시,즐길거리 & 랜드마크,3.5,랜드마크,0.623876637,0.376123368,,,,
거제 포로수용소 유적공원,"계룡로61, 거제, 경상남도",경상남도,거제시,군사 박물관 • 즐길거리 & 랜드마크,4,공원,0.651641529,0.348358482,,,,
건봉사,"거진읍 건봉사로 723, 고성",강원도,고성군,역사적인 장소 • 종교적인 장소 • 경관이 좋은 산책로,4,역사적인 장소,0.906681478,0.093318517,,,,
검룡소,"창죽동, 태백, 강원도",강원도,태백시,물길,4.5,자연 경관,0.929653708,0.070346292,,,,
경교장,"종로구 새문안로 29, 서울",서울시,종로구,역사적인 장소 • 건축물,4,역사적인 장소,0.902907461,0.097092534,,,,
경기도립 물향기수목원,"청학로 211, 오산, 경기도, 대한민국",경기도,오산시,자연 & 야생동물 서식지,4.5,공원,0.91179734,0.088202672,,,,
경기전,"완산구 한지길 102, 전주",전라북도,전주시,역사적인 장소,4,역사적인 장소,0.694777223,0.305222786,,,,
경복궁,서울특별시 종로구 사직로 161,서울시,종로구,역사적인 장소 • 역사박물관,4.5,역사적인 장소,0.909808168,0.09019183,,,,
경상남도수목원,"이반성면 수목원로 386, 진주",경상남도,창원시,공원 • 산림,4.5,공원,0.861435395,0.138564599,,,,
경상북도 수목원,"북구 죽장면 수목원로 647, 포항",경상북도,포항시,공원 • 가든,4,자연 경관,0.842185821,0.157814183,,,,
경안천 습지생태공원,"퇴촌면 정지리 447, 광주",경기도,광주시,물길 • 자연 & 야생동물 서식지 • 공원,X,공원,0.815357703,0.184642293,,,,
경천대,"사벌면 경천로 652, 상주",경상북도,상주시,즐길거리 & 랜드마크,4,랜드마크,0.781585833,0.218414178,,,,
계룡산 국립공원,"계룡면 공주, 충청남도",충청남도,공주시,국립공원,4.5,공원,0.835568708,0.164431293,,,,
계림,"1, Gyo-dong, 경주, 경상북도, 대한민국",경상북도,경주시,유서 깊은 산책로,4,자연 경관,0.889224599,0.11077541,,,,
고려궁지,"강화읍 강화대로 394, 인천",인천광역시,강화군,역사적인 장소 • 즐길거리 & 랜드마크,4,역사적인 장소,0.697204655,0.302795363,,,,
고모산성,"마성면 문경대로 1356, 문경",경상북도,문경시,역사적인 장소 • 성 • 군사 기지 및 시설,4,역사적인 장소,0.488365511,0.511634468,,,,
고분군,"가야읍 도항리 748, 함안",경상남도,함안군,전문 박물관,4.5,박물관,0.778995292,0.221004706,,,,
고석정,"동송읍 태봉로 1825, 철원, 강원도",강원도,철원군,물길 • 즐길거리 & 랜드마크,4,자연 경관,0.71232857,0.287671425,,,,
고성 공룡박물관,"하이면 자란만로 618, 고성",경상남도,고성군,전문 박물관,4,박물관,0.756070527,0.243929475,,,,
고성 탈박물관,"고성읍 율대리 666-18, 경상남도, 대한민국",경상남도,고성군,전문 박물관,4,박물관,0.654054874,0.345945114,,,,
고운사,"415, 고운사길, 단천면, 의성, 경상북도",경상북도,의성군,종교적인 장소,4.5,종교적인 장소,0.876844722,0.123155284,,,,
고운식물원,"청양읍 식물원길 398-23, 청양",충청남도,청양군,가든,4.5,자연 경관,0.903263284,0.096736725,,,,
고창 고인돌 박물관,"676, Dosan-ri, Gochang-eup, 고창",전라북도,고창시,역사박물관,4,박물관,0.661413114,0.338586889,,,,
고창읍성,"고창읍 읍내리 126, 고창",전라북도,고창시,성,4.5,역사적인 장소,0.749297964,0.250702034,,,,
고추장마을,"순창읍 민속마을길 5-13, 순창, 전라북도",전라북도,순창군,인근 지역,4,랜드마크,0.788375063,0.211624947,,,,
곤충박물관,"영월읍 동강로 716, 영월",강원도,영월군,자연사 박물관,4.5,박물관,0.853471368,0.146528634,,,,
곰소염전,"진서면 청자로 1075, 부안",전라북도,부안군,농장,4.5,공원,0.791923623,0.208076377,,,,
공산성,"280 Ungjin-ro, Gongju-si, Chungcheongnam-do, 공주, 충청남도, 대한민국",충처남도,공주시,역사적인 장소 • 즐길거리 & 랜드마크,4.5,역사적인장소,0.840492401,0.159507604,,,,
관룡사,"창녕읍 옥천리 292, 창녕",경상남도,창녕군,즐길거리 & 랜드마크,4,종교적인 장소,0.901257753,0.098742263,,,,
관악산,"관악구 관악로, 서울",서울시,관악구,기타 야외 활동,4.5,산,0.89700471,0.102995306,,,,
관촉사,"254, Gwanchok-dong, 논산",충청남도,논산시,종교적인 장소,4.5,종교적인 장소,0.724222435,0.275777577,,,,
광성보와 용두돈대,"강화군 불은면 해안동로 466번길27, 인천",인천광역시,강화군,역사적인 장소 • 즐길거리 & 랜드마크 • 전쟁터 유적지 • 군사 기지 및 시설 • 경관이 좋은 산책로,4.5,역사적인 장소,0.897438815,0.1025612,,,,
광안대교,부산 수영구 민락동,부산광역시,수영구,즐길거리 & 랜드마크 • 브리지,4.5,랜드마크,0.967054519,0.032945496,,,,
광양 장도박물관,"광양읍 매천로 771, 광양, 전라남도",전라남도,광양시,전문 박물관 • 역사박물관,3,박물관,0.951487184,0.048512824,,,,
광한루원,"천거동, 남원, 전라북도",전라북도,남원시,유서 깊은 산책로,4.5,랜드마크,0.907127481,0.092872521,,,,
괘릉,"17, SanGwaereung-ri, Oedong-eup, 경주, 경상북도",경상북도,경주시,역사적인 장소,4,역사적인 장소,0.907049942,0.092950055,,,,
괴시리 전통마을,"16-1, Hojimaeul 1-gil, Yeonghae-myeon, 영덕, 경상북도",경상북도,영덕군,역사적인 장소 • 인근 지역,4,역사적인 장소,0.894377817,0.105622198,,,,
구곡폭포,"남산면 강촌구곡길 254, 춘천",강원도,춘천시,물길 • 폭포,4,자연 경관,0.79335696,0.206643054,,,,
구문소,"구문소동, 태백",강원도,태백시,기타 야외 활동,4.5,지층,0.942994972,0.057005035,,,,
구시포해수욕장과 해수월드,"상하면 진암구시포로 545, 고창",전라북도,고창시,해변,X,해변,0.815357703,0.184642293,,,,
구암리 지석묘 무리,전라북도 부안군 하서면 석상리 707-1,전라북도,부안군,고대 유적 • 즐길거리 & 랜드마크,4,랜드마크,0.397294789,0.602705241,,,,
구인사,"영춘면 백자리 132-1, 단양",충청북도,단양군,즐길거리 & 랜드마크,4.5,랜드마크,0.672310181,0.327689833,,,,
구지봉,"구산동 산 81-2, 김해",경상남도,김해시,역사적인 장소 • 기념비 및 동상,3.5,역사적인 장소,0.475284796,0.524715202,,,,
국립 5ㆍ18 민주묘지,"북구 민주로 200, 광주",광주광역시,북구,역사적인 장소,4,역사적인 장소,0.87312813,0.126871881,,,,
국립경주박물관,"일정로 186, 경주, 경상북도",경상북도,경주시,전문 박물관,4.5,박물관,0.652569882,0.34743012,,,,
국립공주박물관,"웅진동 360, 공주, 충청남도, 대한민국",충청남도,공주시,전문 박물관,4.5,박물관,0.76891455,0.231085451,,,,
국립과천과학관,"과천동 706, 과천",경기도,과천시,과학박물관 • 관측소 & 천체투영관,4.5,박물관,0.92190236,0.078097649,,,,
국립광주박물관,"북구 하서로 110, 광주",광주광역시,북구,전문 박물관,4.5,박물관,0.725556858,0.274443147,,,,
국립김해박물관,"가야의길 190, 김해",경상남도,김해시,역사박물관,4.5,박물관,0.758370379,0.241629632,,,,
국립민속박물관,"종로구 삼청로 37 , 서울",서울시,종로구,전문 박물관 • 아트뮤지엄,4.5,박물관,0.719641089,0.280358922,,,,
국립부여박물관,"부여읍 금성로 5, 부여",충청남도,부여군,전문 박물관,4.5,박물관,0.790812747,0.209187258,,,,
국립서울현충원,"동작구 현충로 210, 서울",서울시,동작구,묘지,4.5,역사적인 장소,0.908730188,0.091269816,,,,
국립수목원,"소흘읍 직동리 51-7, 포천, 경기도",경기도,포천시,산림 • 가든,4.5,공원,0.867655582,0.132344418,,,,
국립중앙과학관,"유성구 대덕대로 481, 대전",대전광역시,유성구,과학박물관 • 관측소 & 천체투영관,4.5,박물관,0.750600776,0.249399233,,,,
국립중앙박물관,"용산구 서빙고로 137, 서울",서울시,용산구,역사박물관,4.5,박물관,0.87890828,0.121091727,,,,
국립진주박물관,"남강로 626-35, 진주",경상남도,진주시,역사박물관,4,박물관,0.74269775,0.257302259,,,,
국립춘천박물관,"우석로 70, 춘천",강원도,춘천시,전문 박물관,4,박물관,0.795803343,0.204196663,,,,
국립해양생물자원관,"장항읍 장산로101번길 75, 서천",충청남도,서천시,과학박물관,4,박물관,0.779153805,0.220846212,,,,
국립해양유물전시관,"용해동 8, 목포",전라남도,목포시,자연사 박물관,5,박물관,0.900362027,0.099637979,,,,
국립현대미술관(과천관),"광명로 313, 과천, 경기도, 대한민국",경기도,과천시,아트뮤지엄,4.5,박물관,0.796127203,0.203872816,,,,
국립현대미술관(서울관),"종로구 삼청로 30, 서울",서울시,종로구,아트뮤지엄,4.5,박물관,0.951715493,0.048284507,,,,
국망봉 자연휴양림,"이동면 장암리, 포천",경기도,포천시,산림,4,자연 경관,0.944069594,0.055930433,,,,
군위 삼존석굴,"302, Namsan-ri, Bugye-myeon, 군위, 경상북도, 대한민국",경상북도,군위군,역사적인 장소 • 종교적인 장소,4.5,역사적인장소,0.511869883,0.488130142,,,,
궁남지,"부여읍 궁남로 52, 부여",충청남도,부여군,역사적인 장소 • 물길 • 공원,4.5,역사적인 장소,0.783614047,0.216385966,,,,
그림이 있는 정원,"광천읍 충서로400번길 102-36, 홍성, 충청남도, 대한민국",충청남도,홍성군,가든,2.5,랜드마크,0.340522964,0.659477053,,,,
금강 공원,"동래구 우장춘로 155, 부산",부산광역시,동래구,공원,4,공원,0.871709194,0.128290809,,,,
금강 철새조망대,"성산면 철새로 120, 군산, 전라북도",전라북도,군산시,전망대 & 타워,4.5,랜드마크,0.971629207,0.028370806,,,,
금능해수욕장,"한림읍 금능길 119-10, 제주",제주특별자치시,제주시,해변,4.5,해변,0.855504102,0.144495902,,,,
금둔사,"낙안면 조정래길 1000, 순천",전라남도,순천시,종교적인 장소,4,종교적인 장소,0.844166418,0.155833576,,,,
금릉 경포대,전남 강진군 성전면 월남리 산116-2,전라남도,강진군,역사적인 장소,4.5,역사적인 장소,0.787468411,0.212531598,,,,
금산 보리암,"상주면 보리암로 665, 남해",경상남도,남해군,즐길거리 & 랜드마크,4.5,역사적인 장소,0.900375163,0.099624839,,,,
금산 인삼축제,"30, Insamgwangjang-ro, Geumsan-eup, 금산",충청남도,금산시,음식 & 음료 축제,4.5,행사,0.903955394,0.096044603,,,,
금산사,"금산면 모악15길 1, 김제",전라북도,김제시,종교적인 장소,4.5,종교적인 장소,0.87403402,0.125965982,,,,
금성산 고분군,"금성면 대리리 378-1, 의성",경상북도,의성군,역사적인 장소 • 고대 유적,4,역사적인 장소,0.99730435,0.00269564,,,,
금오산,경북 구미시 남통동 288-2,경상북도,구미시,공원,4.5,공원,0.855144916,0.144855083,,,,
기장시장,"기장읍 읍내로104번길 16, 부산",부산광역시,기장군,벼룩시장 & 재래시장,4,랜드마크,0.662619382,0.337380623,,,,
길상사,"성북구 선잠로5길 68, 서울",서울시,성북구,종교적인 장소,4.5,종교적인 장소,0.949317926,0.050682084,,,,
김녕 미로공원,"구좌읍 만장굴길 122, 제주",제주특별자치시,제주시,즐길거리 & 랜드마크 • 가든,4,랜드마크,0.728311439,0.271688569,,,,
김성종 추리문학관,"해운대구 달맞이길117번나길 111, 부산",부산광역시,해운대구,도서관,4.5,박물관,0.645631966,0.354368043,,,,
김영갑 갤러리,제주 서귀포시 성산읍 삼달로 137,제주특별자치시,서귀포시,아트뮤지엄,4.5,박물관,0.794433948,0.205566071,,,,
김영갑 갤러리 두모악,제주 서귀포시 성산읍 삼달로 137,제주특별자치시,서귀포시,아트뮤지엄,4.5,박물관,0.794433948,0.205566071,,,,
김유정 문학촌,"868-1Jeung-ri, Sindong-myeon, 춘천, 강원도",강원도,춘천시,인근 지역,4.5,역사적인 장소,0.710520311,0.289479699,,,,
꽃지해수욕장,"Kkotjihaean-ro, 태안",충청남도,태안시,해변,4,해변,0.667616623,0.332383382,,,,
나주 배마을과 배박물관,전남 나주시 금천면 영산로 5838 나주배박물관,전라남도,나주시,전문 박물관,3,박물관,0.524007849,0.475992152,,,,
나주 영상테마파크,"공산면 덕음로 450, 나주",전라남도,나주시,즐길거리 & 랜드마크,X,랜드마크,0,0,,,,
낙동강 옛 철교,"생림면 마사로473번길 41, 김해",경상북도,김해시,철경 철도선로,4.5,랜드마크,0,0,,,,
낙동강하구에코센터,"사하구 낙동남로 1240, 부산",부산광역시,사하구,즐길거리 & 랜드마크,4.5,랜드마크,0.876652445,0.123347562,,,,
낙산공원,"종로구 동숭동 산2-10, 서울",서울시,종로구,공원,4.5,공원,0.94589656,0.054103437,,,,
낙산사,"정진1리, 강현면, 양양, 강원도",강원도,양양군,종교적인 장소,4.5,종교적인 장소,0.945536244,0.054463749,,,,
낙산해수욕장,"강현면 59, 양양",강원도,양양군,해변,4.5,해변,0.929683591,0.070316416,,,,
낙안 민속자연휴양림,"낙안면 민속마을길 1600, 순천",전라남도,순천시,자연 & 야생동물 서식지 • 산림,X,자연 경관,0.815357703,0.184642293,,,,
낙안읍성,"낙안면 충민길 30, 순천",전라남도,순천시,유서 깊은 산책로,4.5,역사적인 장소,0.475028475,0.524971519,,,,
남대문시장,"중구 남대문시장4길 21, 서울",서울시,중구,벼룩시장 & 재래시장,4,랜드마크,0.710687642,0.289312364,,,,
남사 예담촌,"단성면 지리산대로2897번길 10, 산청",경상남도,산청시,인근 지역,4,랜드마크,0.758791999,0.241208,,,,
남사당 전수관,"안성, 경기도, 대한민국",경기도,안성시,교육적인 장소,4.5,랜드마크,0.827369928,0.172630087,,,,
남산골 한옥마을,"중구 퇴계로34길 28, 서울",서울시,중구,역사적인 장소,4,역사적인 장소,0.790923813,0.209076192,,,,
남산과 N서울타워,"용산구 남산공원길 105, 서울, 대한민국",서울시,용산구,즐길거리 & 랜드마크 • 전망대 • 전망대 & 타워,4,랜드마크,0.771704015,0.228295992,,,,
남애항과 남애해수욕장,"현남면 남애리, 양양",강원도,양양군,즐길거리 & 랜드마크,4.5,해변,0.860648509,0.139351492,,,,
남이섬,"남산면 남이섬길 1, 춘천",강원도,춘천시,섬,4.5,섬,0.641585991,0.358414024,,,,
남한산성도립공원,"광주, 경기도",경기도,광주시,역사적인 장소 • 공원,4,역사적인 장소,0.936179403,0.063820602,,,,
내소사,"268, Seokpo-ri, 부안",전라북도,부안군,종교적인 장소,4,종교적인 장소,0.936513253,0.063486758,,,,
내연산 군립공원,"북구 송라면 보경로 523, 포항, 경상북도",경상북도,포항시,국립공원,4.5,산,0.93736917,0.062630836,,,,
내장사,"내장동 590, 정읍",전라북도,정읍시,종교적인 장소,4,종교적인 장소,0.891608285,0.108391729,,,,
내장산 국립공원,"북흥면 봉덕리, 순창, 전라북도",전라북도,정읍시,국립공원,4.5,공원,0.886219065,0.113780941,,,,
노동당사,"철원읍 관전리, 철원",강원도,철원군,역사적인 장소,4,역사적인 장소,0.837056674,0.162943327,,,,
농업박물관,"중구 충정로1가 75, 서울",서울시,중구,역사박물관,4.5,박물관,0.970164549,0.029835475,,,,
뇌운계곡,"273,뇌운리, 평창읍, 평창, 강원도",강원도,평창군,계곡,X,자연 경관,0.815357703,0.184642293,,,,
누리마루 APEC 하우스,"해운대구 동백로 116, 부산",부산광역시,해운대구,즐길거리 & 랜드마크 • 건축물 • 전망대 • 기념비 및 동상,4,랜드마크,0.642144888,0.357855116,,,,
능산리 고분군,"16-1 능산리, 부여읍, 부여, 충청남도",충청남도,부여군,역사적인 장소,3.5,역사적인 장소,0.436081228,0.563918782,,,,
다랑쉬오름,"구좌읍 세화리 산 6, 제주, 제주도, 대한민국",제주도,제주시,화산,5,산,0.501240776,0.498759255,,,,
다랭이마을,"남면 남면로679번길 21, 남해",경상남도,남해군,즐길거리 & 랜드마크,4,랜드마크,0.677756963,0.32224304,,,,
다산초당,"68-35 다산당로, 강진, 전라남도",전라남도,강진군,역사적인 장소 • 건축물,4.5,역사적인 장소,0.981847094,0.018152908,,,,
다솔사,"사천, 경상남도",경상남도,사천시,종교적인 장소,4.5,종교적인 장소,0.893952597,0.106047409,,,,
달아공원,"산양읍 산양일주로 1115, 통영, 경상남도, 대한민국",경상남도,통영시,자연 & 야생동물 서식지,4,공원,0.802435924,0.197564088,,,,
담양온천,"금성면 금성산성길 202, 담양",전라남도,담양군,온천 리조트 • 스파,5,리조트,0.736294109,0.263705908,,,,
대가야박물관,"대가야읍 가야금길 98, 고령",경상북도,고령군,전문 박물관 • 아트뮤지엄 • 역사박물관,4.5,박물관,0.829101031,0.170898967,,,,
대관령 삼양목장,"대관령면 꽃밭양지길 708-9, 평창",강원도,평창군,목장,4,랜드마크,0.810242185,0.189757809,,,,
대금굴,"신기면 환선로 800, 삼척",강원도,삼척시,동굴 • 지층,5,자연 경관,0.728395974,0.271604031,,,,
대기리 고랭지 채소밭,강원도 강릉시 왕산면 대기리 2214-92,강원도,강릉시,"랜드마크, 체험공간",4,랜드마크,0.815357703,0.184642293,,,,
대나무골 테마공원,"금성면 비내동길 148, 담양, 전라남도",전라남도,담양군,공원 • 산림,X,공원,0.815357703,0.184642293,,,,
대둔산,"운주면 대둔산공원길 23, 완주, 전라북도, 대한민국",전라북도,완주군,산,4.5,산,0.668076154,0.33192384,,,,
대릉원,"계림로 9, 경주",경상북도,경주시,즐길거리 & 랜드마크 • 기념비 및 동상,4,역사적인 장소,0.770891541,0.229108461,,,,
대부도,경기도 안산시 단원구,경기도,안산시,섬,4,섬,0.703019241,0.296980765,,,,
대성동 고분박물관,"가야의길, 126, 김해, 경상남도, 대한민국",경상남도,김해시,역사박물관,4,박물관,0.798904963,0.201095039,,,,
대왕암 공원,"동구, 일산동, 울산",울산광역시,동구,공원,4.5,공원,0.892838571,0.107161439,,,,
대원사와 대원계곡,"삼장면 대원사길, 산청, 경상남도",경상남도,산청시,물길 • 계곡,X,종교적인 장소,0.815357703,0.184642293,,,,
대원사와 티베트박물관,"문덕면 죽산길 520-1, 보성",전라남도,보성군,아트뮤지엄 • 역사박물관,4.5,박물관,0.814772788,0.185227208,,,,
대천해수욕장,"신흑동, 보령",충청남도,보령시,해변,4,해변,0.864800676,0.135199326,,,,
대포 주상절리,"이어도로 36-24, 서귀포",제주특별자치시,서귀포시,지층 • 경관이 좋은 산책로,4.5,지층,0.790992774,0.209007226,,,,
대포항,"대포동, 속초",강원도,속초시,즐길거리 & 랜드마크,4,해변,0.612200676,0.387799325,,,,
대한민국 국회의사당과 헌정기념관,"영등포구 국회대로68길 18, 서울, 대한민국",서울시,영등포구,전문 박물관,4,랜드마크,0.582716182,0.417283848,,,,
대흥사,"삼산면 대흥사길 400, 해남",전라남도,해남군,종교적인 장소,4.5,종교적인 장소,0.793052446,0.206947559,,,,
덕구온천 스파월드,경북 울진군 북면 덕구온천로 924,경상북도,울진군,온열 스파,4.5,랜드마크,0.858648812,0.141351198,,,,
덕산 스파캐슬,"덕산면 온천단지3로 45-7, 예산",충청남도,예산군,호텔,3,리조트,0.815357703,0.184642293,,,,
덕수궁,"중구 세종대로 99, 서울",서울시,중구,역사적인 장소 • 즐길거리 & 랜드마크 • 건축물,4,역사적인 장소,0.790225106,0.209774895,,,,
덕유산 국립공원,"함양군, 경상남도",경상남도,함양군,국립공원,4,공원,0.824493237,0.175506783,,,,
덕진공원,"덕진구 권삼득로 390, 전주, 전라북도",전라북도,전주시,공원,4,공원,0.88656698,0.113433025,,,,
덕포진,"대곶면 신안리, 김포",경기도,김포시,역사적인 장소,4,역사적인 장소,0.980977789,0.019022224,,,,
덕포진 교육박물관,"대곶면 신안리 232-1번지, 김포",경기도,김포시,역사박물관,4.5,박물관,0.986105939,0.013894064,,,,
도담삼봉,"매포읍 삼봉로 644-13, 단양",충청북도,단양군,산,3.5,자연 경관,0.530142482,0.469857526,,,,
도봉산,"도봉구 도봉산길, 서울",서울시,도봉구,기타 야외 활동,5,산,0.606593543,0.393406463,,,,
도산서원,"154, Dosanseowon-gil, 안동",경상북도,안동시,역사적인 장소,4.5,역사적인 장소,0.881544701,0.118455303,,,,
도피안사,"동송읍 도피동길 23, 철원",강원도,철원군,역사적인 장소 • 종교적인 장소,3,역사적인 장소,0.749168396,0.250831617,,,,
독도박물관,"울릉읍 약수터길 90-17, 울릉",경상북도,울릉군,전문 박물관 • 역사박물관,4,박물관,0.76867536,0.231324648,,,,
독락당,"안강읍 옥산서원길 300-3, 경주",경상북도,경주시,건축물,4,랜드마크,0.815357703,0.184642293,,,,
독립기념관,충남 천안시 동남구 목천읍 독립기념관로 1,충청남도,천안시,역사박물관,4.5,박물관,0.844795628,0.155204377,,,,
독립문,"서대문구 현저동 941, 서울",서울시,서대문구,역사적인 장소,4,역사적인 장소,0.790445397,0.209554609,,,,
돌산대교와 돌산공원,"돌산읍 우두리, 여수, 전라남도",전라남도,여수시,공원,4,공원,0.656296322,0.343703684,,,,
동구릉,"동구동, 구리, 경기도",경기도,구리시,역사적인 장소,4.5,역사적인 장소,0.85797767,0.142022328,,,,
동대문디자인플라자,"중구 을지로 281, 서울",서울시,중구,즐길거리 & 랜드마크 • 건축물,4,랜드마크,0.6464233,0.353576702,,,,
동대문시장,"중구, 서울",서울시,중구,특산물 & 기념품 가게 • 벼룩시장 & 재래시장,4,랜드마크,0.688021506,0.311978495,,,,
동막해변,"강화군 화도면, 인천",인천광역시,강화군,해변,4,해변,0.719362923,0.280637089,,,,
동학사,"반포면 동학사1로 462, 공주",충청남도,공주시,역사적인 장소 • 종교적인 장소 • 경관이 좋은 산책로,4,역사적인 장소,0.988644272,0.011355709,,,,
동학사,"반포면 동학사1로 462, 공주",충청남도,공주시,역사적인 장소 • 종교적인 장소 • 경관이 좋은 산책로,4,종교적인 장소,0.988644272,0.011355709,,,,
동학혁명기념관,"완산구 은행로 34, 전주",전라북도,전주시,역사박물관,4.5,박물관,0.86108331,0.138916682,,,,
돝섬해상유원지,"마산합포구 해안대로 150, 창원, 경상남도",경상남도,창원시,섬,4.5,섬,0.909259036,0.090740976,,,,
두륜산 케이블카,"삼산면 대흥사길 88-45, 해남",전라남도,해남군,전차,4,랜드마크,0.989566029,0.010434016,,,,
두물머리,"양서면 양수리, 양평",경기도,양평군,물길 • 즐길거리 & 랜드마크,4.5,자연 경관,0.880393946,0.119606061,,,,
두타연계곡,"방산면, 양구",강원도,양구군,폭포,5,자연 경관,0.940297127,0.059702865,,,,
땅끝마을,"송지면 땅끝해안로, 해남",전라남도,해남군,관측소 & 천체투영관,3.5,랜드마크,0.714718531,0.285281467,,,,
로보파크,"원미구 평천로 655, 부천",경기도,부천시,과학박물관 • 어린이 박물관,4,박물관,0.838946776,0.161053239,,,,
롯데월드,"송파구 올림픽로 240, 서울",서울시,송파구,놀이공원 & 테마파크,4,랜드마크,0.555324103,0.444675888,,,,
마곡사,"사곡면 운암리 567, 공주",충청남도,공주시,종교적인 장소,4,종교적인 장소,0.76607569,0.233924315,,,,
마니산과 참성단,"화도면 흥왕리 산42-1, 인천",인천광역시,강화군,역사적인 장소,4.5,역사적인 장소,0.833276943,0.166723061,,,,
마량리 동백숲,"서면 서인로235번길 103, 서천",충청남도,서천시,유서 깊은 산책로 • 경관이 좋은 산책로,3,자연 경관,0.994136781,0.005863224,,,,
마량항,"마량면 마량3길 46-2, 강진",전라남도,강진군,즐길거리 & 랜드마크 • 부두 & 보드워크 • 등대,4.5,해변,0.7124932,0.287506813,,,,
마이산 도립공원,"진안, 전라북도, 대한민국",전라북도,진안군,산,4.5,산,0.84198306,0.158016944,,,,
만성리 검은모래해수욕장,"만성리길 15-1, 여수",전라남도,여수시,해변,3.5,해변,0.552325481,0.447674526,,,,
만장굴,"구좌읍 김령리 3341-3, 제주",제주특별자치시,제주시,동굴,4,지층,0.593768963,0.406231034,,,,
망상해수욕장,"망상동 , 동해, 강원도",강원도,동해시,해변,4.5,해변,0.763789712,0.236210303,,,,
망양정과 망양해수욕장,경북 울진군 근남면 산포리,경상북도,울진군,역사적인 장소 • 건축물,4.5,해변,0.756761182,0.243238842,,,,
맹씨행단,"배방읍 행단길 25, 아산",충청남도,아산시,역사적인 장소,4,역사적인 장소,0.853778477,0.146221524,,,,
메타세콰이어 가로수길,"전남 담양군 담양읍 학동리 633, 담양",전라남도,담양군,모르겠어요.. 데이트 명소라고 알고 있는데 그게 맞나요? 그냥 입구에서 표 안끊고 아.. 이렇구나 하고 왔는데 눈 오면 나름 예쁠것도 같고...... 바로 옆에서 커피 마시고 빠잇,4,자연 경관,0.646540899,0.353459109,,,,
면앙정,전남 담양군 봉산면 면앙정로 382-11 ,전라남도,담양군,역사적인 장소 • 건축물,5,역사적인 장소,0.969094485,0.0309055,,,,
명동,"중구 마른내로 71, 서울",서울시,중구,인근 지역 • 즐길거리 & 랜드마크,4.5,랜드마크,0.815357703,0.184642293,,,,
명동성당,"중구 명동길 74, 서울, 대한민국",서울시,중구,종교적인 장소 • 교회 & 성당,4.5,종교적인 장소,0.848635668,0.151364341,,,,
명성산,"영북면 산정리 191, 포천, 경기도",경기도,포천시,하이킹 트레일,X,산,0.815357703,0.184642293,,,,
명성황후 생가,"250-2, 여주, 경기도",경기도,여주시,역사적인 장소 • 건축물,4,욕,0.602631327,0.397368678,,,,
명옥헌 원림,"고서면 후산길 103, 담양, 전라남도, 대한민국",전라남도,담양군,역사적인 장소 • 가든,4.5,역사적인 장소,0.992924959,0.007075039,,,,
명주사,강원 원주시 신림면 물안길 62,강원도,양양군,종교시설,X,종교적인 장소,0.815357703,0.184642293,,,,
모곡유원지,강원도 홍천군 서식면 생곡리,강원도,홍천군,역사적인 장소,X,역사적인 장소,0.815357703,0.184642293,,,,
모래미해수욕장,"백수읍 해안로, 영광",전라남도,영광군,해변,X,해변,0.815357703,0.184642293,,,,
목면시배유지,"단성면 목화로 887, 산청",경상남도,산청시,역사적인 장소 • 즐길거리 & 랜드마크,3.5,역사적인 장소,0.688544705,0.311455314,,,,
목포 근대역사관(1관),"중앙동2가 6, 목포",전라남도,목포시,역사박물관,4,박물관,0.714068182,0.28593182,,,,
목포 자연사박물관,"용해동 9-28, 목포",전라남도,목포시,전문 박물관,4.5,박물관,0.687466171,0.31253383,,,,
몽촌토성,"송파구 올림픽로 424, 서울",서울시,송파구,역사적인 장소 • 경관이 좋은 산책로,4.5,역사적인 장소,0.840573595,0.159426417,,,,
무령왕릉,"왕릉로 37, 공주, 충청남도, 대한민국",충처남도,공주시,역사적인 장소,4,역사적인장소,0.735243626,0.264756376,,,,
무릉계곡,"삼화동, 동해, 강원도",강원도,동해시,계곡,4.5,자연 경관,0.745701834,0.254298177,,,,
무위사,전남 강진군 성전면 무위사로 308,전라남도,강진군,종교적인 장소,4,종교적인 장소,0.927303657,0.07269635,,,,
무이예술관,"봉평면 무이리 58, 평창",강원도,평창군,전문 박물관,2.5,박물관,0.496673247,0.50332677,,,,
"무주 구천동계곡 방화동 가족휴양촌,","설천면 구천동1로 159, 무주, 전라북도, 대한민국",전라북도,무주군,국립공원 • 자연 & 야생동물 서식지 • 계곡,5,공원,0.497599176,0.5024008,,,,
무창포해수욕장,"웅천읍 열린바다1길 10, 보령",충청남도,보령시,해변,4.5,해변,0.859839232,0.140160769,,,,
문경 철로 자전거,"마성면, 문경, 경상북도",경상북도,문경시,철경 철도선로,4.5,랜드마크,0.815357703,0.184642293,,,,
문경 활공랜드,"문경읍 활공장길 80, 문경",경상북도,문경시,"랜드마크, 체험공간",5,랜드마크,0.815357703,0.184642293,,,,
문경새재도립공원,"문경읍 새재로 932, 문경",경상북도,문경시,역사적인 장소 • 유서 깊은 산책로,4.5,공원,0.961103527,0.038896474,,,,
문무대왕릉,"양북면 봉길리 26, 경주",경상북도,경주시,역사적인 장소,3.5,역사적인 장소,0.5784699,0.421530113,,,,
문신미술관,"추산동, 창원, 경상남도",경상남도,창원시,전문 박물관,4,박물관,0.834491734,0.165508271,,,,
문장대,"Jangam-ri, Hwabuk-myeon, 상주, 경상북도",경상북도,상주시,하이킹 트레일,4.5,랜드마크,0.639950274,0.360049724,,,,
미륵사지,"금마면 미륵사지로 362, 익산, 전라북도",전라북도,익산시,종교적인 장소,4,종교적인 장소,0.757517412,0.24248259,,,,
미황사,"247, Seojeong-ri, Songji-myeon, 해남",전라남도,해남군,종교적인 장소,5,종교적인 장소,0.908511644,0.091488364,,,,
민주공원,"중구 영주동 산 10-16, 부산",부산광역시,중구,공원,4.5,공원,0.923991555,0.07600844,,,,
밀양 얼음골,"산내면 산내로 1647, 밀양",경상남도,밀양시,즐길거리 & 랜드마크 • 미스테리한 장소 • 경관이 좋은 산책로,4,랜드마크,0.913133293,0.08686672,,,,
바람의 언덕,"남부면, 거제",경상남도,거제시,즐길거리 & 랜드마크 • 경관이 좋은 산책로,4,랜드마크,0.821485484,0.178514525,,,,
바람흔적미술관,"삼동면 금암로 519-4, 남해",경상남도,남해군,아트뮤지엄,4,박물관,0.731066298,0.268933717,,,,
박경리기념관,"산양읍 산양중앙로 173, 통영",경상남도,통영시,역사박물관,5,박물관,0.992507845,0.00749214,,,,
박경리문학공원,"토지길 1, 원주",강원도,원주시,전문 박물관,4.5,박물관,0.793982014,0.206017999,,,,
반남 고분군,"반남면 고분로 756, 나주",전라남도,나주시,역사적인 장소 • 즐길거리 & 랜드마크,X,역사적인 장소,0.815357703,0.184642293,,,,
방림원,"한경면 저지리 예술인마을, 제주",제주특별자치시,제주시,전문 박물관,4,박물관,0.904179093,0.095820903,,,,
방이동 백제 고분군,서울 송파구 방이동,서울시,송파구,역사적인 장소,3.5,역사적인 장소,0.436081228,0.563918782,,,,
방태산 자연휴양림,"기린면 방태산길 241, 인제",강원도,인제군,산림,4.5,자연 경관,0.892694647,0.107305359,,,,
백남준 아트센터,"기흥구 상갈동 85, 용인",경기도,용인시,아트갤러리,4,박물관,0.674976585,0.325023412,,,,
백담사,"746, 백담로, 북면, 인제, 강원도",강원도,인제군,종교적인 장소,4.5,종교적인 장소,0.857076122,0.142923877,,,,
백련사,"도암면 백련사길 145, 강진, 전라남도",전라남도,강진군,종교적인 장소,4.5,종교적인 장소,0.97904445,0.020955557,,,,
백령도,"옹진군 백령면, 인천",인천광역시,옹진군,섬,4.5,섬,0.869878823,0.130121185,,,,
백양사,"26, Yaksu-ri, Bukha-myeon, 장성",전라남도,장성군,종교적인 장소,4.5,종교적인 장소,0.863291526,0.136708484,,,,
백운산 자연휴양림,전남 광양시 옥룡면 백계로 405,전라남도,강양시,산림,4.5,산,0.919460513,0.08053948,,,,
백제 역사문화관,"규암면 합정리 597, 부여",충청남도,부여군,역사박물관,3.5,박물관,0.746898123,0.253101878,,,,
"벌교 홍교, 대한다원","해맞이해안로 1752, 제주, 제주도, 대한민국",제주도,제주시,산림 • 농장,4.5,랜드마크,0.931722331,0.068277678,,,,
범어사,"금정구 청룡동 546, 부산",부산광역시,금정구,종교적인 장소,4.5,종교적인 장소,0.897832526,0.102167482,,,,
법주사,"내속리면 사내리 209, 보은, 충청북도",충청북도,보은군,종교적인 장소,4.5,종교적인 장소,0.886666572,0.113333439,,,,
법흥사,"무릉도원면 무릉법흥로 1352, 영월",강원도,영월군,종교적인 장소,4,종교적인 장소,0.924309075,0.075690921,,,,
벽골제,"부량면 벽골제로 442, 김제",전라북도,김제시,전문 박물관,3.5,박물관,0.878321052,0.121678948,,,,
별마로천문대,"영월읍 천문대길 397, 영월",강원도,영월군,전문 박물관,4.5,랜드마크,0.668060116,0.331939892,,,,
병산서원,"풍천면 병산길 386, 안동",경상북도,안동시,역사적인 장소,4.5,역사적인 장소,0.866347586,0.133652425,,,,
병지방계곡,"갑천면 어답산로, 횡성",강원도,횡성군,계곡,X,자연 경관,0.815357703,0.184642293,,,,
보경사,"송라면 중산리 622, 포항",경상북도,포항시,종교적인 장소,4,종교적인 장소,0.912715189,0.087284818,,,,
보령 석탄박물관,"성주면 성주산로 508 , 보령",충청남도,보령시,전문 박물관,4,박물관,0.617055982,0.382944015,,,,
보림사,"유치면 보림사로 224, 장흥",전라남도,장흥시,즐길거리 & 랜드마크 • 종교적인 장소,4,랜드마크,0.969212383,0.030787573,,,,
보문사,"강화군 삼산면 삼산남로828번길 44, 인천",인천광역시,강화군,종교적인 장소,4.5,종교적인 장소,0.844729048,0.155270953,,,,
보수동 책방골목,"중구 보수동 1가, 부산",부산광역시,중구,특산물 & 기념품 가게,4,랜드마크,0.732747035,0.267252965,,,,
보신각,"종로구 종로 54, 서울",서울시,종로구,역사적인 장소 • 즐길거리 & 랜드마크,4,역사적인 장소,0.708607825,0.291392196,,,,
복천박물관,"동래구 복천로 63, 부산",부산광역시,동래구,역사박물관,4.5,박물관,0.785384081,0.214615929,,,,
봉은사,"강남구 삼성동 73, 서울",서울시,강남구,즐길거리 & 랜드마크 • 종교적인 장소,4.5,종교적인 장소,0.908674344,0.091325658,,,,
봉정사,"222, Bongjeongsa-gil, 안동",경상북도,안동시,종교적인 장소,4.5,종교적인 장소,0.882539634,0.117460377,,,,
봉화의 약수,"247, Bukgok-ri, Myeongho-myeon, 봉화",경상북도,봉화군,"랜드마크, 체험공간",4.5,랜드마크,0.815357703,0.184642293,,,,
봉황동 유적,"봉황동 253번지, 김해",경상남도,김해시,역사적인 장소,4,역사적인 장소,0.763015754,0.236984249,,,,
부산국제영화제,"부산 해운대구 수영강변대로 120, 부산",부산광역시,해운대구,문화 행사,4,행사,0.807521883,0.192478126,,,,
부산타워,"중구 용두산길 37-30, 부산",부산광역시,중구,전망대 & 타워,4,랜드마크,0.874009562,0.125990448,,,,
부석사,"부석면 부석사로 345, 영주",경상북도,영주시,종교적인 장소,5,종교적인 장소,0.921634981,0.078365023,,,,
부소산성,"부여읍 쌍북리, 부여, 충청남도",충청남도,부여군,역사적인 장소,4.5,역사적인 장소,0.735661072,0.26433893,,,,
부안 영상테마파크,"변산면 격포리 375, 부안",전라북도,부안군,놀이공원 & 테마파크,3.5,랜드마크,0.716128276,0.283871732,,,,
부천 물박물관,"길주로 1, 부천, 경기도",경기도,부천시,전문 박물관,4,박물관,0.624445468,0.375554534,,,,
부천 활박물관과 궁도장,"8, Chunui-dong, Wonmi-gu, 부천, 경기도, 대한민국",경기도,부천시,전문 박물관,4,박물관,0.619506797,0.380493205,,,,
부천자연생태박물관과 식물원,"길주로 660, 부천, 경기도",경기도,부천시,자연 & 야생동물 서식지,4,박물관,0.681585562,0.318414436,,,,
북악산 서울 한양도성,"622-83 Changsin-dong, 서울",서울시,성북구,역사적인 장소 • 고대 유적 • 전망대 & 타워,4.5,역사적인 장소,0.914827767,0.085172231,,,,
북촌 돌하르방공원,"조천읍 북촌리 976, 제주",제주특별자치시,제주시,공원,4,공원,0.848988651,0.151011349,,,,
북촌한옥마을,"종로구 계동길 37, 서울",서울시,종로구,인근 지역 • 즐길거리 & 랜드마크,4,랜드마크,0.773709528,0.226290468,,,,
분황사,"구황동 321, 경주",경상북도,경주시,역사적인 장소 • 종교적인 장소,4,종교적인 장소,0.787163181,0.212836825,,,,
불갑사,"8, Moak-ri, Bulgap-myeon, 영광",전라남도,영광군,종교적인 장소,4.5,종교적인 장소,0.881582737,0.118417275,,,,
불국사,"불국로 385, 경주",경상북도,경주시,역사적인 장소 • 종교적인 장소,4.5,종교적인 장소,0.914088283,0.085911715,,,,
불영사와 불영계곡,"716-1, Sanpo-ri, Geunnam-myeon, 울진",경상북도,울진군,종교적인 장소,4.5,종교적인 장소,0.858796011,0.141203993,,,,
비자림,"구좌읍 비자숲길, 제주",제주특별자치시,제주시,공원 • 산림,4.5,공원,0.881805735,0.118194279,,,,
빙계계곡,"춘산면 빙계리 896, 의성, 경상북도, 대한민국",경상북도,의성군,물길 • 산림 • 계곡,5,자연 경관,0.450640354,0.54935965,,,,
사인암,"대강면 사인암길 24, 단양",충청북도,단양군,역사적인 장소,4.5,역사적인 장소,0.815357703,0.184642293,,,,
사직단,서울 종로구 사직동 1-28번지,서울시,종로구,공원,4,공원,0.802911699,0.19708831,,,,
산굼부리,"조천읍 교리 산38, 제주",제주특별자치시,제주시,자연 & 야생동물 서식지,4,자연 경관,0.755122926,0.244877078,,,,
산방굴사,제주 서귀포시 안덕면 산방로 218-12,제주특별자치시,서귀포시,종교적인 장소,4,종교적인 장소,0.749056855,0.250943157,,,,
산방산,"안덕면, 서귀포",제주특별자치시,서귀포시,산,4.5,산,0.798696104,0.201303909,,,,
산사원,"화현면 화현리 512, 포천, 경기도, 대한민국",경기도,포천시,전문 박물관 • 맥주 양조장,4.5,박물관,0.884677836,0.115322161,,,,
산수유마을,경기 이천시 백사면 원적로775번길 17,경기도,이천시,인근 지역 • 경관이 좋은 산책로,4,랜드마크,0.954208136,0.04579189,,,,
삼강주막,경북 예천군 풍양면 삼강리길 91,경상북도,예천군,역사건축물,5,랜드마크,0.815357703,0.184642293,,,,
삼년산성,"San 1-1, Eoam-ri, Boeun-eup, 보은",충청북도,보은군,역사적인 장소,4.5,역사적인 장소,0.550242983,0.449757033,,,,
삼사 해상공원,"강구면 해상공원길 120-7, 영덕",경상북도,영덕군,즐길거리 & 랜드마크 • 공원,4,공원,0.746145599,0.25385441,,,,
삼성미술관 리움,"용산구 이태원로55길 60-16, 서울",서울시,용산구,아트뮤지엄,4.5,박물관,0.875132486,0.124867516,,,,
삼성혈,제주 제주시 삼성로 22,제주특별자치시,제주시,역사적인 장소,3.5,역사적인 장소,0.56441318,0.435586835,,,,
삼성화재 교통박물관,"처인구 포곡읍 에버랜드로 376번길 171, 용인, 경기도",경기도,용인시,전문 박물관,4,박물관,0.718808787,0.28119122,,,,
삼청동길,"107 종로구 삼청동, 서울",서울시,종로구,즐길거리 & 랜드마크,4.5,랜드마크,0.815357703,0.184642293,,,,
삼포 해수욕장,"죽왕면 삼포리 1-1, 고성",강원도,고성군,해변,3.5,해변,0.665145322,0.334854701,,,,
상당산성,"상당구 산성동 산28-2, 청주",충청북도,청주시,역사적인 장소 • 경관이 좋은 산책로,4.5,역사적인 장소,0.863276728,0.136723275,,,,
상수허브랜드,"남이면 부용외천길 18, 청원",충청북도,청주시,기타 야외 활동,3.5,자연 경관,0.329938244,0.67006176,,,,
상원사,"평창군 진부면 오대산로 1211-14, 평창",강원도,평창군,종교적인 장소,4.5,종교적인 장소,0.940000889,0.059999112,,,,
상족암군립공원,"하이면 덕명5길 42-23, 고성",경상남도,고성군,고대 유적 • 국립공원,4.5,공원,0.888104125,0.111895871,,,,
상주 자전거박물관,"용마로 415, 상주",경상북도,상주시,전문 박물관,4,박물관,0.668802475,0.331197527,,,,
새별오름,"애월읍 봉성리 산59-8, 제주",제주특별자치시,제주시,산,4.5,산,0.867187361,0.132812642,,,,
생각하는 정원,제주 제주시 한경면 녹차분재로 675 생각하는정원,제주특별자치시,제주시,전문 박물관 • 공원 • 커피숍 • 가든,4.5,박물관,0.826500728,0.173499276,,,,
서대문형무소,"서대문구 통일로 484, 서울",서울시,서대문구,교육적인 장소 • 역사박물관,4.5,랜드마크,0.833666426,0.166333576,,,,
서삼릉,"덕양구 원당동, 고양, 경기도",경기도,고양시,역사적인 장소,4,역사적인 장소,0.775881994,0.224118003,,,,
서생포왜성,"울주군 서생면 서생리, 울산",울산광역시,울주군,역사적인 장소,4,역사적인 장소,0.646620611,0.353379404,,,,
서울 약령시장,"동대문구 약령중앙로8길 10, 서울, 대한민국",서울시,동대문구,특산물 & 기념품 가게,4.5,랜드마크,0.446802317,0.55319769,,,,
서울광장,"중구 태평로1가, 서울",서울시,중구,즐길거리 & 랜드마크,4,랜드마크,0.916131322,0.083868684,,,,
서울대공원,"대공원광장로 102, 과천",경기도,과천시,동물원 • 공원 • 가든,4.5,공원,0.895135574,0.104864425,,,,
서울숲,"성동구 뚝섬로 273, 서울",서울시,성동구,공원 • 놀이터,4.5,자연 경관,0.862571347,0.137428648,,,,
서울역사박물관,"종로구 신문로2가 2-1, 서울",서울시,종로구,역사박물관,4.5,박물관,0.860045821,0.139954186,,,,
서일농원,"일죽면 금일로 332-17, 안성",경기도,안성시,강연 & 워크숍 • 농장,4,공원,0.744727143,0.255272871,,,,
서출지,"남산1길 17, 경주",경상북도,경주시,역사적인 장소 • 즐길거리 & 랜드마크,3.5,역사적인 장소,0.94674404,0.053255941,,,,
석굴암,"진현동 999, 경주",경상북도,경주시,역사적인 장소 • 종교적인 장소 • 기념비 및 동상,4,종교적인 장소,0.697813486,0.302186529,,,,
석봉 도자기미술관,"668-57, 교동, 속초",강원도,속초시,전문 박물관,4,박물관,0.501491646,0.498508368,,,,
석빙고,"인왕동 449-1, 경주",경상북도,경주시,역사적인 장소,3.5,역사적인 장소,0.698186422,0.301813593,,,,
석장리박물관,"금벽로 990, 공주",충청남도,공주시,역사박물관,4,박물관,0.647496737,0.35250328,,,,
석탄박물관,"성주면 성주산로 508, 보령, 충청남도",충청남도,보령시,전문 박물관,4,박물관,0.617055982,0.382944015,,,,
선비촌,"357, Cheonggu-ri, Sunheung-myeon, 영주",경상북도,영주시,인근 지역,4,랜드마크,0.575624661,0.424375345,,,,
선암계곡,충북 단양군 단성면 가산리,충청북도,단양군,종교적인 장소,4.5,자연 경관,0.888445006,0.111554996,,,,
선암사,"승주읍 선암사길 450, 순천",전라남도,순천시,종교적인 장소,4.5,종교적인 장소,0.888445006,0.111554996,,,,
선운사,"아산면 선운사로 250, 고창",전라북도,고창시,종교적인 장소,4.5,종교적인 장소,0.822520138,0.177479868,,,,
선유도,"영등포구 선유로 343, 서울",서울시,영등포구,공원,4.5,공원,0.815357703,0.184642293,,,,
선유도공원,"영등포구 선유로 343, 서울",서울시,영등포구,공원,4.5,공원,0.852776947,0.147223053,,,,
설악 씨네라마,"장사동, 속초",강원도,속초시,즐길거리 & 랜드마크,4,랜드마크,0.692661898,0.307338093,,,,
설악산 국립공원,"속초, 강원도",강원도,속초시,국립공원,4.5,공원,0.79629512,0.20370489,,,,
섬진강 기차마을,"402, Jewol-ri, Bongsan-myeon, 담양",전라남도,담양군,경전철 서비스,4,랜드마크,0.740317814,0.259682183,,,,
섭지코지,"성산읍 신양리, 서귀포",제주특별자치시,서귀포시,전망대,4.5,자연 경관,0.777389618,0.222610386,,,,
성공회 강화읍성당,"강화군 강화읍 관청리 336, 인천",인천광역시,강화군,역사적인 장소 • 건축물 • 교회 & 성당,4.5,역사적인 장소,0.98084632,0.019153696,,,,
성류굴,"근남면 성류굴로 225, 울진",경상북도,울진군,동굴,4.5,자연 경관,0.840958735,0.159041278,,,,
성산일출봉,제주 서귀포시 성산읍 성산리 1,제주특별자치시,서귀포시,산 • 지층,4.5,지층,0.824436331,0.17556368,,,,
성읍민속마을,"표선면 성읍리, 서귀포시, 제주",제주특별자치시,서귀포시,역사적인 장소 • 전쟁터 유적지,3.5,역사적인 장소,0.333412572,0.666587434,,,,
세리월드,"법환상로2번길 97-13, 서귀포",제주특별자치시,서귀포시,놀이공원 & 테마파크,4,랜드마크,0.600587253,0.39941275,,,,
세미원,"양서면 양수로 93, 양평",경기도,양평군,가든 • 경관이 좋은 산책로,4.5,자연 경관,0.880740185,0.119259823,,,,
세병관,"세병로 27, 통영",경상남도,통영시,즐길거리 & 랜드마크,4.5,랜드마크,0.770186194,0.229813814,,,,
세종대왕기념관,"동대문구 청량리동 산1-157, 서울",서울시,동대문구,역사박물관,4.5,박물관,0.601063973,0.398936032,,,,
세중박물관,"처인구 양지면 양대로 155, 용인",경기도,용인시,전문 박물관,3.5,박물관,0.827825843,0.172174182,,,,
소래포구,"남동구 논현동 111-200, 인천",인천광역시,남동구,특산물 & 기념품 가게,4.5,랜드마크,0.669414739,0.33058527,,,,
소백산 국립공원,"단양군 단양읍, 영주, 경상북도",경상북도,영주시,국립공원,5,산,0.914432321,0.085567678,,,,
소설  『토지』 촬영장(최 참판 댁),"악양면 평사리길 66-7, 하동, 경상남도",경상남도,하동군,즐길거리 & 랜드마크,4.5,랜드마크,0.829909716,0.170090298,,,,
소설 『태백산맥』 문학기행,"벌교읍 회정리 357-2, 보성, 전라남도",전라남도,보성군,전문 박물관,4,박물관,0.953196455,0.046803537,,,,
소쇄원,"남면 지곡리 123번지, 담양",전라남도,담양군,가든,4,자연 경관,0.610114948,0.389885057,,,,
소수서원,"순흥면 소백로 2740, 영주",경상북도,영주시,역사적인 장소,4.5,역사적인 장소,0.850503111,0.149496887,,,,
소양호,"북산면, 춘천",강원도,춘천시,페리 • 댐,4,자연 경관,0.635157304,0.364842705,,,,
소인국 테마파크,제주 서귀포시 안덕면 중산간서로 1878,제주특별자치시,서귀포시,놀이공원 & 테마파크,3.5,랜드마크,0.457833148,0.542166851,,,,
속리산 국립공원,"Songnisan-myeon, 보은",충청북도,보은군,국립공원,4.5,공원,0.823893251,0.176106753,,,,
속초 등대전망대,"영금정로5길 8-28, 속초",강원도,속초시,전망대 • 등대 • 전망대 & 타워,4.5,랜드마크,0.904155588,0.095844423,,,,
속초시립박물관,"신흥2길 16, 속초",강원도,속초시,역사박물관,4,박물관,0.793097235,0.206902766,,,,
송광사,"송광면 송광사안길 100, 순천",전라남도,순천시,종교적인 장소,4.5,종교적인 장소,0.878192683,0.121807327,,,,
송광사,"송광면 송광사안길 100, 순천, 전라남도",전라남도,순천시,종교적인 장소,4.5,종교적인 장소,0.878192683,0.121807327,,,,
송산 공룡알화석지,"송산면 고정리, 화성",경기도,화성시,고대 유적 • 즐길거리 & 랜드마크,4,역사적인 장소,0.734971671,0.265028339,,,,
송소 고택,"파천면 송소고택길 15-2, 청송, 경상북도",경상북도,청송군,호텔,5,역사적인 장소,0.815357703,0.184642293,,,,
송악산,"대정읍 송악관광로 421-1, 서귀포",제주특별자치시,서귀포시,산,4.5,산,0.749430816,0.250569189,,,,
송정해수욕장,"해운대구 송정동 712-2, 부산",부산광역시,해운대구,해변,4,해변,0.494295672,0.505704338,,,,
송천 떡마을,"서면 송천리, 양양",강원도,양양군,즐길거리 & 랜드마크,2.5,랜드마크,0.338321912,0.661678102,,,,
쇠소깍,"쇠소깍로 140, 서귀포",제주특별자치시,서귀포시,물길,4,자연 경관,0.77604568,0.22395433,,,,
수덕사,"Sacheon-ri, Deoksan-myeon, 예산",충청남도,예산군,종교적인 장소,4.5,종교적인 장소,0.714567494,0.285432507,,,,
수도국산 달동네박물관,"동구 송현동 163, 인천",인천광역시,동구,전문 박물관,4.5,박물관,0.756440891,0.243559124,,,,
수로왕릉,"가락로93번길 26, 김해",경상남도,김해시,역사적인 장소,4,역사적인 장소,0.850677283,0.149322715,,,,
수로왕비릉,"가락로 190번길 1, 김해",경상남도,김해시,역사적인 장소 • 묘지,4,역사적인 장소,0.652663266,0.347336737,,,,
수승대,"위천면 황산1길 199, 거창",경상남도,거창군,즐길거리 & 랜드마크 • 공원,4.5,자연 경관,0.919923484,0.080076525,,,,
수종사,"조안면 송촌리 1060, 남양주, 경기도",경기도,남양주시,종교적인 장소,4.5,종교적인 장소,0.833325007,0.166674999,,,,
수타사,"동면 수타사로 473, 홍천",강원도,홍천군,종교적인 장소,4.5,종교적인 장소,0.841976771,0.158023238,,,,
순천 드라마세트장 ,"비례골길 24, 순천, 전라남도, 대한민국",전라남도,순천시,즐길거리 & 랜드마크,4,랜드마크,0.723423694,0.276576306,,,,
순천만 갈대밭,"대대동 162-2, 순천, 전라남도, 대한민국",전라남도,순천시,공원,4.5,공원,0.806373354,0.193626651,,,,
숭례문,"중구 세종대로 40, 서울",서울시,중구,역사적인 장소 • 즐길거리 & 랜드마크,4,역사적인 장소,0.820792222,0.179207772,,,,
식영정,"남면 지곡리 산76-1, 담양",전라남도,담양군,역사적인 장소 • 건축물,4,역사적인 장소,0.97310099,0.026899029,,,,
신라역사과학관,"하동공예촌길 33, 경주, 경상북도",경상북도,경주시,역사박물관,4.5,박물관,0.712295742,0.287704266,,,,
신륵사,"신륵사길 73, 여주, 경기도",경기도,여주시,종교적인 장소,4,종교적인 장소,0.872563933,0.127436078,,,,
신선대,"남부면 갈곶리, 거제",경상남도,거제시,유서 깊은 산책로,4.5,랜드마크,0.847667427,0.152332579,,,,
신성리 갈대밭,"한산면 신성리 125-1, 서천",충청남도,서천시,자연 & 야생동물 서식지 • 경관이 좋은 산책로,4,자연 경관,0.545134152,0.454865851,,,,
신영 영화박물관,"남원읍 태위로 536, 서귀포",제주특별자치시,서귀포시,전문 박물관,3.5,박물관,0.479696387,0.520303608,,,,
신지 명사십리해수욕장,"신지면 명사십리길 85-105, 완도, 전라남도",전라남도,완도군,해변,4.5,해변,0.707829824,0.292170177,,,,
실상사,"산내면 입석리 50번지, 남원",전라북도,부안군,종교적인 장소,4.5,종교적인 장소,0.951770306,0.048229703,,,,
십리포 해수욕장,"영흥면 영흥북로 420-26, 인천, 대한민국",인천광역시,옹진군,해변,3.5,해변,0.808031813,0.1919682,,,,
쌍계사,"208, Unsu-ri, Hwagae-myeon, 하동",경상남도,하동군,종교적인 장소,4.5,종교적인 장소,0.92967601,0.070323999,,,,
쌍계사,"208, Unsu-ri, Hwagae-myeon, 하동",경상남도,하동군,종교적인 장소,4.5,종교적인 장소,0.92967601,0.070323999,,,,
아바이마을,"청호로 122, 속초",강원도,속초시,역사 및 문화 유산 투어,4,랜드마크,0.815357703,0.184642293,,,,
아부오름,"좌읍 송당리 산164-1, 제주",제주특별자치시,제주시,화산,4.5,지층,0.997561276,0.002438745,,,,
아인스월드,"길주로 1, 부천, 경기도",경기도,부천시,놀이공원 & 테마파크,4,랜드마크,0.517076455,0.482923551,,,,
아차산북한산국립공원,"성북구 보국문로 262, 서울",서울시,성북구,국립공원,4.5,공원,0.874494392,0.125505604,,,,
아침고요수목원,"상면 수목원로 432, 가평",경기도,가평군,가든,4.5,공원,0.810112417,0.189887585,,,,
아프리카박물관,"서귀포시 이어도로 49, 서귀포",제주특별자치시,서귀포시,아트뮤지엄,4,박물관,0.623209244,0.37679076,,,,
안면도 자연휴양림,"안면읍 안면대로 3195-6, 태안",충청남도,태안시,산림,4.5,산,0.870948551,0.129051443,,,,
안면암 부교,"안면읍 여수해길 198-160, 태안",충청남도,태안시,종교적인 장소 • 경관이 좋은 산책로,3.5,종교적인 장소,0.580952215,0.419047788,,,,
안민도로,"진해구 경화동, 창원",경상남도,창원시,경관이 좋은 산책로,4.5,랜드마크,0.779249804,0.220750209,,,,
안양 예술공원,"만안구 예술공원로 131, 안양, 경기도, 대한민국",경기도,안양시,공원,4.5,공원,0.64791368,0.352086322,,,,
안흥찐빵마을,"안흥면 안흥로 27, 횡성",강원도,횡성군,인근 지역 • 즐길거리 & 랜드마크,3.5,랜드마크,0.57702142,0.422978571,,,,
알뜨르 비행장,제주 서귀포시 대정읍 상모리,제주특별자치시,서귀포시,역사적인 장소 • 군사 기지 및 시설,4.5,역사적인 장소,0.667963466,0.332036566,,,,
암사동 선사주거지,"강동구 올림픽로 875, 서울, 대한민국",서울시,강동구,역사적인 장소,4.5,역사적인장소,0.766854836,0.233145182,,,,
애기봉전망대,"강화군 양사면 전망대로 797, 인천",경기도,안성시,전망대 & 타워,4.5,랜드마크,0.762539698,0.237460312,,,,
애니메이션박물관,"서면 박사로 854, 춘천",강원도,춘천시,전문 박물관,4,박물관,0.823407612,0.176592396,,,,
약천사,"대포동 1165, 서귀포, 제주도, 대한민국",제주도,서귀포시,종교적인 장소,4.5,종교적인장소,0.832305385,0.167694615,,,,
양동마을,"강동면 양동리, 경주",경상북도,경주시,역사적인 장소,4,역사적인 장소,0.54820277,0.451797232,,,,
양떼목장,"대관령면 대관령마루길 483-32, 평창",강원도,평창군,목장,4,랜드마크,0.747001706,0.252998299,,,,
양평 들꽃수목원,"양평읍 수목원길 16, 양평",경기도,양평군,즐길거리 & 랜드마크 • 가든,4,자연 경관,0.910017484,0.089982519,,,,
어승생오름,제주 제주시 해안동 산220-12,제주특별자치시,제주시,경관이 좋은 산책로,5,자연 경관,0.996179551,0.003820437,,,,
에버랜드,"처인구 포곡읍 에버랜드로 199, 용인",경기도,용인시,놀이공원 & 테마파크,4.5,랜드마크,0.811552778,0.188447226,,,,
여미지식물원,제주 서귀포시 중문관광로 93,제주특별자치시,서귀포시,공원 • 가든,4,공원,0.634992216,0.365007779,,,,
여의도공원,"영등포구 여의공원로 68, 서울",서울시,영등포구,공원,4.5,공원,0.824010842,0.175989161,,,,
여좌천,"여좌동, 창원",경상남도,창원시,물길 • 유서 깊은 산책로,4.5,자연 경관,0.829391914,0.170608086,,,,
연천 전곡리 유적,"연천, 경기도",경기도,연천시,고대 유적,3.5,역사적인 장소,0.595848634,0.404151377,,,,
영금정,"영금정로 24, 속초",강원도,속초시,즐길거리 & 랜드마크,4,랜드마크,0.911062441,0.088937571,,,,
영남루,"중앙로 324, 밀양",경상남도,밀양시,역사적인 장소,4.5,역사적인 장소,0.943713762,0.056286244,,,,
영녕릉,"능서면 왕대리 산83-1, 여주",경기도,여주시,역사적인 장소,4.5,역사적인 장소,0.748867271,0.251132733,,,,
영덕 해맞이 공원,"영덕읍 창포리 산5-5번지, 영덕",경상북도,영덕군,공원,4.5,공원,0.972085282,0.027914724,,,,
영랑 생가,"강진읍 영랑생가길 15, 강진",전라남도,강진군,역사적인 장소 • 즐길거리 & 랜드마크 • 교육적인 장소,4.5,역사적인 장소,0.783313125,0.216686869,,,,
영랑호,강원도 속초시 장사동,강원도,속초시,물길,4,자연 경관,0.920675591,0.079324415,,,,
영평사,"장기면 산학리 441번지, 세종시",세종시,장군면,종교적인 장소,4,종교적인 장소,0.825628331,0.17437167,,,,
오대산 국립공원,"진부면 오대산로 2, 평창, 강원도",강원도,평창군,국립공원,4.5,공원,0.81905054,0.18094946,,,,
오동도,"한려동 1, 여수",전라남도,여수시,섬,4,섬,0.67777207,0.322227931,,,,
오두산 통일전망대,"탄현면 필승로 369, 파주",경기도,파주시,전망대 & 타워,4,랜드마크,0.703282227,0.296717775,,,,
오산리 선사유적박물관,"손양면 오산리 51, 양양",강원도,양양군,역사박물관,4,역사적인 장소,0.873591936,0.126408077,,,,
오색 주전골,"서면 오색리, 양양",강원도,양양군,기타 야외 활동,5,자연 경관,0.966415659,0.03358438,,,,
오설록뮤지엄,"안덕면 신화역사로 15, 서귀포",제주특별자치시,서귀포시,전문 박물관,4,랜드마크,0.591286742,0.408713263,,,,
오죽헌,"죽헌동 201, 강릉, 강원도",강원도,강릉시,전문 박물관,4,박물관,0.83495814,0.165041869,,,,
옥산서원,"안강읍 옥산서원길 216-27, 경주",경상북도,경주시,역사적인 장소,4.5,역사적인 장소,0.94875989,0.051240112,,,,
옥포대첩기념공원,"옥포동 1, 거제",경상남도,거제시,공원,4,공원,0.541480191,0.458519815,,,,
온달국민관광지,"영춘면 온달로 23, 단양",충청북도,단양군,역사적인 장소 • 즐길거리 & 랜드마크 • 동굴,4,역사적인 장소,0.68396161,0.31603839,,,,
온양민속박물관,"권곡동 403-1, 아산",충청남도,아산시,전문 박물관,4,박물관,0.8588781,0.141121914,,,,
올림픽공원,"송파구 올림픽로 424, 서울",서울시,송파구,스포츠 컴플렉스 • 공원,4.5,랜드마크,0.887015623,0.112984381,,,,
와우정사,"처인구 해실로 89-19, 용인",경기도,용인시,즐길거리 & 랜드마크 • 종교적인 장소,4.5,종교적인 장소,0.906777552,0.093222448,,,,
왕곡마을,"죽왕면 왕곡마을길 35, 고성",강원도,고성군,역사적인 장소 • 인근 지역 • 유서 깊은 산책로,5,역사적인 장소,0.974628925,0.025371073,,,,
왕궁리 오층석탑,"왕궁면 궁성로 674, 익산, 전라북도",전라북도,익산시,역사적인 장소 • 즐길거리 & 랜드마크,5,역사적인 장소,0.846486703,0.153513301,,,,
왕인박사 유적지,"San 18, Donggurim-ri, Gunseo-myeon, 영암",전라남도,영암군,역사적인 장소,4,역사적인 장소,0.897533789,0.10246622,,,,
외도 해상농원,"일운면 와현리 산 109, 거제",경상남도,거제시,기타 야외 활동,4.5,랜드마크,0.863004148,0.136995866,,,,
외돌개,제주 서귀포시 서홍동 791,제주특별자치시,서귀포시,지층,4,지층,0.670523332,0.329476673,,,,
외암민속마을,"Oeam-ri, Songak-myeon, 아산",충청남도,아산시,인근 지역,4,랜드마크,0.75380405,0.246195957,,,,
용궁사,"중구 운남로 199-1, 인천, 대한민국",인천광역시,중구,종교적인 장소,4,종교적인장소,0.747769056,0.252230961,,,,
용눈이 오름,"구좌읍 종달리 산28, 제주",제주특별자치시,제주시,화산,4.5,지층,0.937066349,0.062933663,,,,
용두산공원,"중구 용두산길 37-55, 부산",부산광역시,중구,즐길거리 & 랜드마크 • 공원,4,공원,0.701267566,0.298732437,,,,
용두암,"용두암길 15, 제주",제주특별자치시,제주시,즐길거리 & 랜드마크 • 지층,3.5,지층,0.528849514,0.471150492,,,,
용머리해안,"안덕면 사계리 112-3, 서귀포",제주특별자치시,서귀포시,해변,4.5,해변,0.876999425,0.123000581,,,,
용문사,"용문면 신점리 625, 양평",경기도,양평군,종교적인 장소,4.5,종교적인 장소,0.861844405,0.138155601,,,,
용문사,"용문면 신점리 625, 양평, 경기도",경기도,양평군,종교적인 장소,4.5,종교적인 장소,0.861844405,0.138155601,,,,
용주사,"송산동 188, 화성",경기도,화성시,종교적인 장소,4.5,종교적인 장소,0.876780459,0.123219538,,,,
용천사,"해보면 용천사길 209, 함평, 전라남도, 대한민국",전라남도,함평군,역사적인 장소 • 종교적인 장소 • 경관이 좋은 산책로,4,역사적인장소,0.975606293,0.024393718,,,,
용추계곡,경기 가평군 가평읍 승안리,경기도,동해시,계곡,4.5,자연 경관,0.758220169,0.241779831,,,,
용흥궁,인천광역시 강화읍 관청리 441번지,인천광역시,강화군,역사적인 장소,3.5,역사적인 장소,0.643233769,0.356766233,,,,
우도,"우도면, 제주",제주특별자치시,제주시,섬,4.5,섬,0.529431169,0.470568829,,,,
우포늪,"유어면, 창녕",경상남도,창녕군,자연 & 야생동물 서식지,4.5,자연 경관,0.89464408,0.105355941,,,,
운림산방,"64, Sacheon-ri, 진도",전라남도,진도군,역사적인 장소,4,산,0.710295136,0.289704884,,,,
운문사,"264 Unmunsa-gil, Unmun-myeon, 청도, 경상북도",경상북도,청도군,종교적인 장소,4.5,종교적인 장소,0.893515176,0.106484821,,,,
운주사,전북 정읍시 산외면 종운로 536,전라남도,정읍시,종교적인 장소,4.5,종교적인 장소,0.814320104,0.185679908,,,,
운현궁,"종로구 삼일대로 464, 서울",서울시,종로구,역사적인 장소 • 즐길거리 & 랜드마크,4,역사적인 장소,0.874813134,0.125186877,,,,
울릉도,경북 울릉군 서면 도동1길 5-3,경상북도,울릉군,섬,4.5,섬,0.914408356,0.085591661,,,,
울산 암각화 박물관,"두동면 반구대안길 254, 울산",울산광역시,울주군,전문 박물관,4.5,박물관,0.869242435,0.130757577,,,,
원당 종마목장,"덕양구 서삼릉길 233-112, 고양",경기도,고양시,목장,4.5,공원,0.919073726,0.080926286,,,,
원당 허브랜드,"고양시, 경기도",경기도,고양시,기타 야외 활동,3.5,랜드마크,0.329938244,0.67006176,,,,
월드컵공원,서울특별시 마포구 월드컵로 243-60,서울시,마포구,기타 야외 활동,4.5,공원,0.787157938,0.212842066,,,,
월명공원,"해망로, 군산, 전라북도",전라북도,군산시,공원,5,공원,0.988364369,0.011635619,,,,
월명암 낙조대,"San 96-1, Junggye-ri, Byeonsan-myeon, 부안",전라북도,부안군,종교적인 장소,4,종교적인 장소,0.959063381,0.040936606,,,,
월미도,"중구 북성동1가, 인천",인천광역시,중구,섬,4,섬,0.665588988,0.334411019,,,,
월악산 국립공원,"한수면 미륵송계로 1647, 제천, 충청북도",충청북도,제천시,국립공원,4.5,공원,0.876530537,0.123469461,,,,
월정사,"진부면 오대산로 374-8, 평창",강원도,평창군,종교적인 장소,4.5,종교적인 장소,0.866801741,0.133198251,,,,
월출산 국립공원,"영암, 전라남도",전라남도,영암군,국립공원,5,산,0.924188425,0.075811574,,,,
"월포, 두곡 해수욕장","북구 청하면 해안로2308번길, 포항",경상남도,포항시,해변,X,해변,0.815357703,0.184642293,,,,
유달산,"목포, 전라남도",전라남도,목포시,산 • 공원,4.5,산,0.905523758,0.094476253,,,,
유달산조각공원,"죽교동, 목포",전라남도,목포시,공원,4,공원,0.806083845,0.193916156,,,,
유럽자기박물관,"부천시, 경기도",경기도,부천시,아트뮤지엄,4.5,박물관,0.71655041,0.283449599,,,,
유명산 자연휴양림,"유명산길, 가평, 경기도",경기도,가평군,자연 & 야생동물 서식지 • 산림,X,자연 경관,0.815357703,0.184642293,,,,
율포해수욕장과 해수녹차탕,"보성, 전라남도",전라남도,보성군,해변,4,해변,0.789032801,0.210967201,,,,
융ㆍ건릉,"화성, 경기도, 대한민국",경기도,화성시,역사적인 장소,4,역사적인장소,0.755000842,0.244999169,,,,
은해사,"청통면, 영천, 경상북도",경상북도,영천시,종교적인 장소,4.5,종교적인 장소,0.915794305,0.084205697,,,,
을왕리해수욕장,"중구 을왕로13번길 15 (을왕동), 인천",인천광역시,중구,해변,3.5,해변,0.368717303,0.63128269,,,,
음성 큰바위얼굴 조각공원,"생극면 관성리 9-1, 음성, 충청북도",충청북도,음성군,공원,3.5,공원,0.797706038,0.202293982,,,,
이기대,"남구 용호동 산122, 부산",부산광역시,남구,공원 • 경관이 좋은 산책로,4.5,자연 경관,0.937554961,0.062445047,,,,
이중섭 미술관,제주 서귀포시 이중섭로 27-3,제주특별자치시,서귀포시,아트뮤지엄,4,박물관,0.882561122,0.117438904,,,,
이화벽화마을,"종로구 이화동, 서울",서울시,종로구,인근 지역,4,랜드마크,0.804983631,0.195016376,,,,
이효석 문학관과 생가,"봉평면 효석문학길73-25, 평창",강원도,평창군,전문 박물관 • 즐길거리 & 랜드마크,4,박물관,0.793903315,0.2060967,,,,
익산 보석박물관,"왕궁면 호반로 8, 익산, 전라북도",전라북도,익산시,전문 박물관,3.5,박물관,0.619141885,0.380858131,,,,
익산 왕궁리 오층석탑,"왕궁면 궁성로 674, 익산",전라북도,익산시,역사적인 장소 • 즐길거리 & 랜드마크,5,랜드마크,0.846486703,0.153513301,,,,
인사동길,"종로구 인사동, 서울",서울시,종로구,인근 지역 • 즐길거리 & 랜드마크,4,랜드마크,0.817850682,0.182149318,,,,
인왕산 선바위와 국사당,"종로구, 서울",서울시,종로구,산,4.5,산,0.815357703,0.184642293,,,,
일산 호수공원,"일산동구, 고양",경기도,고양시,물길 • 공원,4.5,공원,0.85930211,0.1406979,,,,
임실치즈테마파크,"성수면 도인2길 50, 임실",전라북도,임실군,놀이공원 & 테마파크,4.5,랜드마크,0.801693543,0.198306469,,,,
임진각 평화누리,"문산읍 사목리 481-1, 파주",경기도,파주시,공원,4,자연 경관,0.949891594,0.050108407,,,,
임진성,"남면 상가리 291, 남해, 경상남도, 대한민국",경상남도,남해군,성,3.5,역사적인장소,0.956694499,0.043305498,,,,
자갈치시장,"중구 남포동, 부산",부산광역시,중구,벼룩시장 & 재래시장,4,랜드마크,0.54592106,0.454078942,,,,
자수정 동굴나라,"상북면 자수정로 212, 울산",울산광역시,울주군,놀이공원 & 테마파크 • 동굴,4,자연 경관,0.694375008,0.305624993,,,,
자유공원,"중구 신포로27번길 80, 인천, 대한민국",인천광역시,중구,공원,4,공원,0.849197467,0.150802546,,,,
장릉,"영월읍 단종로190, 영월",강원도,영월군,역사적인 장소,4.5,역사적인 장소,0.871168641,0.128831367,,,,
장복산,"진해구 태백서로 40-5, 창원",경상남도,창원시,산 • 하이킹 트레일 • 산림,4,산,0.927037515,0.072962479,,,,
장생포 고래박물관,"남구 장생포고래로244, 울산",울산광역시,남구,전문 박물관,4,박물관,0.680137467,0.319862541,,,,
장안사,"기장군 장안읍 장안로 482, 부산",부산광역시,기장군,역사적인 장소 • 즐길거리 & 랜드마크 • 종교적인 장소,4,종교적인 장소,0.935036471,0.064963533,,,,
장전미술관,"임회면 하미길 39, 진도",전라남도,진도군,아트뮤지엄,4,박물관,0.822503895,0.177496097,,,,
장흥아트파크,"장흥면 권율로 117, 양주",경기도,양주시,전문 박물관 • 아트뮤지엄,4.5,박물관,0.963922853,0.036077154,,,,
전등사,"강화군 길상면 전등사로 37-41, 인천",인천광역시,강화군,종교적인 장소,4,종교적인 장소,0.89642018,0.103579818,,,,
전라남도 해양수산과학관,"돌산로 2876, 여수",전라남도,여수시,과학박물관,4,박물관,0.776792097,0.2232079,,,,
전북 도립미술관,"구이면 모악산길 111-6, 완주",전라북도,완주군,전문 박물관,4,박물관,0.891229183,0.108770809,,,,
전쟁기념관,"용산구 이태원로 29, 서울",서울시,용산구,군사 박물관,4.5,박물관,0.78741437,0.212585629,,,,
전주 한지박물관,"덕진구 팔복로 59, 전주, 전라북도",전라북도,전주시,전문 박물관,4.5,박물관,0.898819471,0.101180535,,,,
전주한옥마을,"완산구 은행로, 전주",전라북도,전주시,즐길거리 & 랜드마크,4,랜드마크,0.696889253,0.303110747,,,,
절두산 순교성지와 양화진외국인선교사묘원,"마포구 양화진길 46, 서울",서울시,마포구,묘지,5,종교적인 장소,0.94327316,0.056726842,,,,
정동진,"정동역길 17 (강동면), 강릉",강원도,강릉시,해변,4,해변,0.796228668,0.203771328,,,,
정방폭포,"동홍동, 서귀포, 제주도",제주특별자치시,서귀포시,폭포,4.5,자연 경관,0.935010052,0.064989952,,,,
정선 아우라지,"여량면 아우라지길 69, 정선",강원도,정선군,물길 • 자연 & 야생동물 서식지,X,자연 경관,0.815357703,0.184642293,,,,
정선5일장,"정선읍 비봉로 58-1, 정선, 강원도",강원도,정선군,벼룩시장 & 재래시장,4,행사,0.619311039,0.380688965,,,,
정약용 생가와 묘소,"조안면 다산로747번길 11, 남양주",경기도,남양주시,역사적인 장소,4.5,역사적인 장소,0.856335431,0.143664568,,,,
정지용 문학관과 생가,"옥천읍 향수길 56, 옥천, 충청북도",충청북도,옥천군,역사적인 장소,3.5,역사적인 장소,0.81885846,0.181141541,,,,
제부도,"서신면, 화성, 경기도",경기도,화성시,섬,4,섬,0.707142089,0.292857916,,,,
제암리 3ㆍ1운동 순국기념관,"항남읍 제암리 3-1, 화성, 경기도",경기도,화성시,역사박물관,X,박물관,0.815357703,0.184642293,,,,
제오리 공룡 발자국 화석,경상북도 의성군 금성면,경상북도,의성군,즐길거리 & 랜드마크 • 공원 • 경관이 좋은 산책로,4,랜드마크,0.899585361,0.100414656,,,,
제이드가든 수목원,"남산면 햇골길 80, 춘천",강원도,춘천시,공원 • 가든,4.5,공원,0.815942619,0.184057379,,,,
제주 감귤박물관,"효돈순환로 441, 서귀포",제주특별자치시,서귀포시,전문 박물관,4,박물관,0.75008639,0.249913611,,,,
제주 관덕정,제주 제주시 관덕로 19 관덕정,제주특별자치시,제주시,역사적인 장소 • 건축물,3.5,역사적인 장소,0.436530704,0.563469302,,,,
제주 민속자연사박물관,"삼성로 40, 제주",제주특별자치시,제주시,역사박물관,4,박물관,0.803034138,0.196965862,,,,
제주 올레,"제주도, 대한민국",제주도,서귀포시,하이킹 트레일,4.5,자연 경관,0.937752398,0.062247618,,,,
제주돌문화공원,제주특별자치도 제주시 조천읍 남조로 2023 교래자연휴양림,제주특별자치시,제주시,공원 • 교육적인 장소,4,공원,0.95644758,0.043552431,,,,
제주민속촌박물관,"표선면 민속해안로 631-34, 서귀포",제주특별자치시,서귀포시,아트뮤지엄,4,박물관,0.898515156,0.101484838,,,,
조계사,"종로구 견지동 45번지, 서울",서울시,종로구,종교적인 장소 • 기념비 및 동상,4.5,종교적인 장소,0.88252531,0.117474694,,,,
조선민화박물관,"김삿갓면 김삿갓로 432-10, 영월",강원도,영월군,전문 박물관,4.5,박물관,0.982096642,0.01790333,,,,
종묘,"종로구 종로 157, 서울",서울시,종로구,역사적인 장소 • 즐길거리 & 랜드마크 • 종교적인 장소,4,역사적인 장소,0.865868046,0.13413195,,,,
주남저수지,"의창구 동읍 주남로101번길 26, 창원, 경상남도, 대한민국",경상남도,창원시,자연 & 야생동물 서식지,4,자연 경관,0.722078677,0.277921316,,,,
주산지,"부동면 주산지길 163, 청송, 경상북도",경상북도,청송군,물길,4,자연 경관,0.795220866,0.204779144,,,,
주실마을,"일월면 주곡리, 영양",경상북도,영양군,역사적인 장소 • 인근 지역 • 즐길거리 & 랜드마크,5,역사적인 장소,0.795593948,0.204406032,,,,
주왕산 국립공원,"주왕산면 공원길 169-7, 청송, 경상북도",경상북도,청송군,국립공원,4.5,산,0.843004409,0.156995594,,,,
주전 몽돌해변,"동구 동해안로 653 (주전동), 울산",울산광역시,동구,해변,5,해변,0.628440812,0.371559193,,,,
죽녹원,"담양읍 향교리 282, 담양",전라남도,담양군,공원 • 산림,4.5,공원,0.805538008,0.194461999,,,,
죽서루,"성내동 9-3, 삼척",강원도,삼척시,즐길거리 & 랜드마크,4,랜드마크,0.636554269,0.363445726,,,,
죽주산성,"죽산면 죽양대로 111-71, 안성",경기도,안성시,성 • 군사 기지 및 시설 • 경관이 좋은 산책로,4,역사적인 장소,0.67967375,0.32032626,,,,
중미산천문대,"옥천면 신복리 산201-2, 양평, 경기도",경기도,양평군,산림,4.5,랜드마크,0.830782712,0.169217296,,,,
중앙탑과 충주박물관,"가금면 중앙탑길 112-28, 충주",충청북도,청주시,전문 박물관,3,박물관,0.758805595,0.241194414,,,,
증도 태평염전과 소금박물관,"마산면 황전리 12, 구례",전라남도,구례군,전문 박물관,3.5,박물관,0.46431359,0.535686411,,,,
지리산 국립공원,"하동, 경상남도",경상남도,하동군,국립공원,4,공원,0.919836191,0.080163812,,,,
지리산 산수유마을,"6-12, Wianwolgye-gil, 구례, 전라남도, 대한민국",전라남도,구례군,유서 깊은 산책로 • 절경 드라이브 코스 • 경관이 좋은 산책로,4,랜드마크,0.958939642,0.041060382,,,,
지족리 죽방렴,"삼동면 지족리, 남해",경상남도,남해군,즐길거리 & 랜드마크,X,자연 경관,0.815357703,0.184642293,,,,
직지사,"대항면 운수리 216, 김천",경상북도,안동시,종교적인 장소,4.5,종교적인 장소,0.93699801,0.06300199,,,,
진남관,"군자동 472, 여수",전라남도,여수시,역사적인 장소,4,역사적인 장소,0.577460566,0.422539448,,,,
진도 신비의 바닷길,"Cheolmagil 25, Jindo eup, 진도",전라남도,진도군,문화 행사,4.5,행사,0.720922274,0.279077744,,,,
진도타워,"군내면 만금길 112-41, 진도",전라남도,진도군,즐길거리 & 랜드마크 • 전망대 & 타워,4.5,랜드마크,0.896066532,0.103933472,,,,
진주성,"본성동, 진주, 경상남도",경상남도,진주시,역사적인 장소 • 성,4.5,역사적인 장소,0.804677906,0.195322104,,,,
진해 군항제,"Jinhae Jungwon Rotary Intersection and Jinhae area, 창원",경상남도,창원시,문화 행사,4.5,행사,0.678370755,0.321629255,,,,
차이나타운,"중구, 인천",인천광역시,중구,즐길거리 & 랜드마크,3.5,랜드마크,0.559319825,0.44068018,,,,
참소리축음기와 에디슨과학박물관,"경포로 393, 강릉",강원도,강릉시,과학박물관,4.5,박물관,0.874820496,0.125179494,,,,
창경궁,"종로구 창경궁로 185, 서울",서울시,종로구,즐길거리 & 랜드마크 • 유서 깊은 산책로,4.5,역사적인 장소,0.936208655,0.063791355,,,,
창녕 석빙고,경상남도 창녕군 창녕읍 송현리 288,경상남도,창녕군,역사적인 장소,3.5,역사적인장소,0.662935177,0.337064828,,,,
창녕박물관,"창녕읍 창밀로 34, 창녕",경상남도,창녕군,역사박물관,4,박물관,0.804423535,0.195576466,,,,
창덕궁,"종로구 율곡로 99, 서울",서울시,종로구,역사적인 장소 • 건축물 • 가든,4.5,역사적인 장소,0.916274031,0.083725969,,,,
창원 해양공원,"진해구 명동로 62, 창원",경상남도,창원시,공원,4,공원,0.892132311,0.107867698,,,,
천곡동굴,"천곡동, 동해, 강원도",강원도,동해시,동굴,4,자연 경관,0.863720797,0.136279207,,,,
천관산,"관산읍 옥당리 25-1, 장흥, 전라남도",전라남도,장흥시,해변 & 풀 클럽,5,해변,0.998122484,0.001877513,,,,
천리포수목원,"소원면 천리포1길 187, 태안",충청남도,태안시,가든,4.5,자연 경관,0.801229758,0.198770245,,,,
천은사,강원 삼척시 미로면 동안로 816 천은사,강원도,삼척시,종교적인 장소,4,종교적인 장소,0.839852418,0.160147589,,,,
천은사,전남 구례군 광의면 노고단로 209,전라남도,구례군,종교적인 장소,4,종교적인 장소,0.839852418,0.160147589,,,,
천제연폭포,"천제연로 132, 서귀포, 제주도, 대한민국",제주도,서귀포시,폭포,4,자연 경관,0.849265224,0.150734774,,,,
천주교 계산 주교좌 성당,"중구 서성로 10, 대구",대구광역시,중구,종교적인 장소,4,종교적인 장소,0.834207206,0.1657928,,,,
천주교 대구대교구 주교좌 계산성당,"중구 서성로 10, 대구",대구광역시,중구,종교적인 장소,4,종교적인 장소,0.833947784,0.166052226,,,,
천주교 대전교구 공세리성당,"인주면 공세리성당길 10, 아산, 충청남도, 대한민국",충청남도,아산시,종교적인 장소,4.5,종교적인장소,0.908091697,0.091908299,,,,
천주교 대전교구 솔뫼성지,"우강면 솔뫼로 132, 당진",충청남도,당진시,역사적인 장소,4.5,역사적인 장소,0.854521836,0.145478161,,,,
천주교 전주교구 전동성당,"200-1, Jeon-dong, Wansan-gu, 전주, 전라북도, 대한민국",전라북도,전주시,종교적인 장소,4,종교적인장소,0.898884073,0.101115926,,,,
천주교 치명자산 성지,"San 11-1, Daeseong-dong, Wansan-gu, 전주",전라북도,전주시,역사적인 장소 • 종교적인 장소,4.5,역사적인 장소,0.936211137,0.063788867,,,,
천지연폭포,"천지동, 서귀포",제주특별자치시,서귀포시,폭포,4,자연 경관,0.740634806,0.259365207,,,,
철도박물관,"철도박물관로 142,의왕,경기도",경기도,의왕시,전문 박물관,4,박물관,0.703902942,0.296097062,,,,
철암역,"철암동, 태백",강원도,태백시,인근 지역 • 건축물 • 유령 마을,4,랜드마크,0.788138672,0.211861341,,,,
첨성대,"140-25 Cheomseong-ro, 경주",경상북도,경주시,역사적인 장소,4,역사적인 장소,0.896330599,0.103669416,,,,
청간정,"토성면 동해대로, 고성",강원도,고성군,역사적인 장소 • 건축물,4,역사적인 장소,0.982964724,0.017035281,,,,
청계천,서울 종로구 창신동,서울시,종로구,물길 • 유서 깊은 산책로,4.5,랜드마크,0.84746529,0.152534718,,,,
청곡사,"금산면 월아산로1440번길 138, 진주, 경상남도, 대한민국",경상남도,진주시,종교적인 장소,3.5,종교적인장소,0.257461008,0.742539019,,,,
청량산과 청량사,"봉화, 경상북도",경상북도,봉화군,종교적인 장소,4.5,산,0.907232812,0.092767196,,,,
청령포,"영월읍 청령포로 133, 영월",강원도,영월군,유서 깊은 산책로,4.5,자연 경관,0.773155376,0.226844636,,,,
청사포,"해운대구 해운대해변로359번길 27, 부산",부산광역시,해운대구,즐길거리 & 랜드마크 • 경관이 좋은 산책로,4.5,랜드마크,0.875546708,0.12445329,,,,
청송 얼음골,"부동면 팔각산로, 청송",경상북도,청송군,계곡,5,자연 경관,0.850461573,0.149538401,,,,
청옥산 육백마지기,"미탄면 청옥산길 583-76, 평창",강원도,평창군,전망대 • 경관이 좋은 산책로,5,자연 경관,0.492535733,0.507464305,,,,
청와대,"종로구 청와대로 1, 서울",서울시,종로구,공공기관 건물,4,랜드마크,0.735838271,0.264161741,,,,
청주고인쇄박물관,"흥덕구 직지대로 713, 청주, 충청북도",충청북도,청주시,전문 박물관,4,박물관,0.90830607,0.091693932,,,,
청초호,"청호동, 속초",강원도,속초시,물길,4,자연 경관,0.792198656,0.207801354,,,,
청평사,"북산면 오봉산길 810, 춘천, 강원도",강원도,춘천시,종교적인 장소,4.5,종교적인 장소,0.889358393,0.110641609,,,,
청풍 문화재단지,"청풍면 물태리 산6-20, 제천",충청북도,제천시,역사적인 장소,4,역사적인 장소,0.864661564,0.13533844,,,,
초지진,"길상면 해안동로 58, 인천",인천광역시,강화군,역사적인 장소 • 즐길거리 & 랜드마크,4,역사적인 장소,0.815357703,0.184642293,,,,
추사 고택,"799-2, Yonggung-ri, Sinam-myeon, 예산",충청남도,예산군,역사적인 장소 • 건축물,5,역사적인 장소,0.674605402,0.325394601,,,,
추암바위와 추암해변,"북평동, 동해, 강원도",강원도,동해시,해변,4.5,해변,0.804676878,0.195323127,,,,
축령산,경기도 남양주,경기도,남양주시,산,X,산,0.815357703,0.184642293,,,,
춘장대해수욕장,"서면 도둔리 400, 서천, 충청남도, 대한민국",충청남도,서천시,해변,4,해변,0.583359995,0.416640015,,,,
춘천 인형극장,"영서로 3017, 춘천",강원도,춘천시,전문 박물관 • 시어터,4.5,박물관,0.895346269,0.104653715,,,,
춘천마임축제,"강원 춘천시 효자1동 문예회관길 13, 춘천",강원도,춘천시,문화 행사,4.5,행사,0.448000913,0.551999103,,,,
충렬사,"여황로 251, 통영",경상남도,통영시,역사적인 장소 • 즐길거리 & 랜드마크 • 종교적인 장소,4,종교적인 장소,0.856566186,0.14343382,,,,
충주호 유람선,"단성면 월악로 3811-19, 단양",충청북도,단양군,보트 투어 • 페리,4,행사,0.815357703,0.184642293,,,,
충청수영성,"오천면 소성리 931, 보령, 충청남도, 대한민국",충청남도,보령군,역사적인 장소 • 성 • 경관이 좋은 산책로,5,역사적인장소,0.774935782,0.225064206,,,,
치악산 국립공원,"원주시 소초면, 원주, 강원도",강원도,원주시,국립공원,4.5,공원,0.829981049,0.170018949,,,,
칠장사,"죽산면 칠장로 399-18, 안성",경기도,안성시,역사적인 장소 • 종교적인 장소 • 경관이 좋은 산책로,3.5,역사적인 장소,0.892697335,0.107302617,,,,
클레이아크 김해미술관,"진례면 진례로 275-51, 김해",경상남도,김해시,아트뮤지엄,4,박물관,0.703681883,0.296318127,,,,
탄금대,"중앙탑면 탑정안길, 충주, 충청북도, 대한민국",충청북도,충주시,물길,4.5,자연 경관,0.797812878,0.202187135,,,,
탑골공원,"종로구 종로2가, 서울",서울시,종로구,공원,3.5,공원,0.777844487,0.222155516,,,,
탑골공원,"종로구 종로2가, 서울",서울시,종로구,공원,3.5,공원,0.777844487,0.222155516,,,,
태릉,"화랑로 421, 서울",서울시,중랑구,역사적인 장소,4,역사적인 장소,0.815357703,0.184642293,,,,
태백 석탄박물관,"천제단길 195, 태백",강원도,태백시,전문 박물관,4.5,박물관,0.920208483,0.079791523,,,,
태백산도립공원,"태백산로 4778, 태백",강원도,태백시,국립공원,4.5,공원,0.909243439,0.090756563,,,,
태종대,"영도구 동삼동, 부산",부산광역시,영도구,전망대,4.5,자연 경관,0.811171831,0.18882817,,,,
태화강 십리대밭,"중구 태화동 107, 울산",울산광역시,중구,공원,4.5,공원,0.890956855,0.109043149,,,,
테디베어뮤지엄,"중문관광로110번길 31, 서귀포",제주특별자치시,서귀포시,전문 박물관,4,박물관,0.505235675,0.494764326,,,,
테르메덴온천,"모가면 사실로 988, 이천",경기도,이천시,워터파크,4.5,랜드마크,0.815357703,0.184642293,,,,
통도사,"하북면 통도사로 108, 양산",경상남도,양산시,종교적인 장소,4.5,종교적인 장소,0.862187543,0.137812464,,,,
통영 남망산국제조각공원,"남망공원길 29, 통영, 경상남도",경상남도,통영시,공원,3.5,공원,0.79169725,0.20830275,,,,
통영 수산과학관,"산양읍 척포길 628-111, 통영",경상남도,통영시,과학박물관,4,박물관,0.753813701,0.246186302,,,,
통영 옻칠미술관,"용남면 용남해안로 36, 통영, 경상남도, 대한민국",경상남도,통영시,아트뮤지엄,5,박물관,0.841880001,0.158119997,,,,
통일전망대,"탄현면 필승로 369, 파주, 경기도, 대한민국",경기도,파주시,전망대 & 타워,4,랜드마크,0.515497974,0.48450203,,,,
파주 프로방스,"탄현면 성동리 82-1, 파주, 경기도, 대한민국",경기도,파주시,특산물 & 기념품 가게 • 쇼핑몰,4,랜드마크,0.503813264,0.496186745,,,,
팔공산케이블카,"동구 팔공산로 185길 51, 대구",대구광역시,동구,전차,4.5,랜드마크,0.859765844,0.140234159,,,,
팜카밀레 허브농원,"남면 우운길 56-19, 태안, 충청남도, 대한민국",충청남도,태안시,공원 • 가든,5,공원,0.735108651,0.264891346,,,,
퍼시픽랜드,"서귀포시 색달동 2950-5 중문관광단지 내, 서귀포",제주특별자치시,서귀포시,놀이공원 & 테마파크,4,랜드마크,0.829502944,0.17049707,,,,
평화박물관,"한경면 청수서5길 63, 제주",제주특별자치시,제주시,군사 박물관 • 역사박물관,4,박물관,0.755046513,0.244953495,,,,
포석정,"816 Namsansunhwan-ro, Bae-dong, 경주",경상북도,경주시,역사적인 장소,3.5,역사적인 장소,0.403846674,0.596153336,,,,
표충사,"23, Gucheon-ri, Danjang-myeon, 밀양",경상남도,밀양시,종교적인 장소,4.5,종교적인 장소,0.873775464,0.12622455,,,,
풍수원성당,"서원면 경강로유현1길 30, 횡성",강원도,횡성군,교회 & 성당,4.5,랜드마크,0.90180384,0.098196166,,,,
필례약수,"인제, 강원도",강원도,인제군,즐길거리 & 랜드마크,4,자연 경관,0.808654744,0.191345248,,,,
필룩스조명박물관,"광적면 광적로 235-48, 양주, 경기도",경기도,양주시,전문 박물관,4,박물관,0.600018099,0.399981893,,,,
하슬라 아트월드,"강동면 율곡로 1441,강릉,강원도",강원도,강릉시,전문 박물관,4.5,박물관,0.58782895,0.412171056,,,,
하조대,"현북면 하광정리, 양양",강원도,양양군,즐길거리 & 랜드마크,4.5,해변,0.815987512,0.184012499,,,,
하회마을,"풍천면 하회리, 안동",경상북도,안동시,역사적인 장소 • 유서 깊은 산책로,4.5,역사적인 장소,0.701424485,0.298575512,,,,
학동 몽돌해수욕장,"거제시 동부면 학동6길 18-1, 거제, 경상남도",경상남도,거제시,해변,4,해변,0.815997112,0.1840029,,,,
한강시민공원,서울,서울시,전체,공원,4.5,공원,0.862267897,0.13773211,,,,
한국 고건축박물관,"덕산면 흥덕서로 543, 예산, 충청남도",충청남도,예산군,전문 박물관 • 역사박물관,3.5,박물관,0.447249495,0.552750488,,,,
한국 대나무박물관,"담양읍 죽향문화로 35, 담양, 전라남도",전라남도,담양군,전문 박물관,4,박물관,0.774962779,0.225037221,,,,
한국만화박물관,"원미구 길주로 1, 부천",경기도,부천시,전문 박물관,4.5,박물관,0.869366088,0.130633921,,,,
한국민속촌,"기흥구 민속촌로 90, 용인, 경기도",경기도,용인시,역사적인 장소 • 놀이공원 & 테마파크,4.5,역사적인 장소,0.944809708,0.055190296,,,,
한국은행 화폐금융박물관,"중구 남대문로 39, 서울",서울시,중구,전문 박물관,4,박물관,0.852585294,0.147414716,,,,
한국이민사박물관,"중구 월미로 329, 인천",인천광역시,중구,전문 박물관,4,박물관,0.747154645,0.252845373,,,,
한국자생식물원,"대관령면 비안길 159-4, 평창",강원도,평창군,자연 & 야생동물 서식지,3,자연 경관,0.496211402,0.503788614,,,,
한국천연염색문화관,"다시면 백호로 379, 나주",전라남도,나주시,아트갤러리 • 아트뮤지엄,3.5,박물관,0.618137363,0.381862657,,,,
한드미마을,"가곡면 한드미길 37, 단양",충청북도,단양군,즐길거리 & 랜드마크,X,랜드마크,0.815357703,0.184642293,,,,
한라산 국립공원,제주특별자치도 서귀포시 토평동 산15-1,제주특별자치시,제주시,산 • 국립공원 • 산림,4.5,공원,0.635471464,0.364528536,,,,
한림공원,"한림읍 한림로 300, 제주",제주특별자치시,제주시,공원 • 가든,4,공원,0.63850088,0.361499123,,,,
한벽당,"완산구 기린대로 2, 전주, 전라북도, 대한민국",전라북도,전주시,역사적인 장소,4,역사적인장소,0.812981802,0.187018197,,,,
한택식물원,"처인구 백암면 한택로 2, 용인",경기도,용인시,가든,4,공원,0.752395695,0.247604301,,,,
함덕 서우봉 해변,"조천읍 함덕리, 제주",제주특별자치시,제주시,해변,4.5,해변,0.830414604,0.169585399,,,,
함안박물관,"가야읍 도항리 748, 함안",경상남도,함안군,전문 박물관,4.5,박물관,0.778995292,0.221004706,,,,
함평 나비축제,"1153-2 Suho-ri, Hampyeong-eup, 함평",전라남도,함평군,문화 행사,4,행사,0.920684018,0.079315987,,,,
합천 영상테마파크,"용주면 합천호수로 757, 합천",경상남도,합천군,놀이공원 & 테마파크,4.5,랜드마크,0.683454422,0.316545587,,,,
항공우주박물관,"사남면 공단1로 78, 사천, 경상남도, 대한민국",경상남도,사천시,과학박물관,4,박물관,0.652639965,0.347360043,,,,
항파두리 항몽유적지,"한경면 녹차분재로 675, 제주",제주특별자치시,제주시,역사적인 장소 • 고대 유적 • 즐길거리 & 랜드마크,4,역사적인 장소,0.849889118,0.150110874,,,,
해강 도자미술관,"신둔면 수광리 330-1, 이천",경기도,이천시,전문 박물관,4.5,박물관,0.937851965,0.062148028,,,,
해남 공룡박물관,"황산면 우항리 191, 해남, 전라남도",전라남도,해남군,전문 박물관,4,박물관,0.877563408,0.122436611,,,,
해녀박물관,"3204-1 구좌읍 하도리, 제주",제주특별자치시,제주시,전문 박물관,4,박물관,0.863609565,0.136390435,,,,
해동용궁사,"기장군 기장읍 용궁길 86, 부산",부산광역시,기장군,종교적인 장소,4.5,종교적인 장소,0.856190016,0.143809979,,,,
해망굴,"군산창2길 48, 군산, 전라북도",전라북도,군산시,역사적인 장소 • 즐길거리 & 랜드마크,5,역사적인 장소,0.566200353,0.433799648,,,,
해미읍성,"Eumnae-ri, Haemi-myeon, 서산",충청남도,서산시,역사적인 장소,4,역사적인 장소,0.827699408,0.172300607,,,,
해신당공원,"원덕읍 삼척로 1852-6, 삼척",강원도,삼척시,유서 깊은 산책로 • 공원,4,공원,0.68504527,0.314954736,,,,
해운대,"해운대구, 부산",부산광역시,해운대구,해변,4,해변,0.903017974,0.09698203,,,,
해운대 달맞이길,"해운대구 좌동순환로, 부산",부산광역시,해운대구,즐길거리 & 랜드마크,4.5,랜드마크,0.822705487,0.17729452,,,,
해인사,"가야면 해인사길 122, 합천",경상남도,합천군,역사적인 장소 • 종교적인 장소,4.5,종교적인 장소,0.806564496,0.193435506,,,,
해저터널,"통영, 경상남도",경상남도,통영시,즐길거리 & 랜드마크,3.5,랜드마크,0.46777875,0.532221251,,,,
행주산성,"덕양구 행주로15번길 89, 고양",경기도,고양시,역사적인 장소 • 성,4,역사적인 장소,0.730375346,0.269624663,,,,
향일암,"돌산읍 향일암로 60, 여수",전라남도,여수시,종교적인 장소,4.5,종교적인 장소,0.919957339,0.080042653,,,,
허브아일랜드,"포천, 경기도",경기도,포천시,가든,4,자연 경관,0.812998404,0.187001595,,,,
헌인릉,"서초구 헌인릉길 34 , 서울",서울시,서초구,역사적인 장소,4.5,역사적인 장소,0.807676712,0.192323286,,,,
헤이리 문화예술마을,"탄현면, 파주",경기도,파주시,"이제는 인기가 시들해졌지만, 그래도 파주에 간다면 한 번은 가보게  되는 곳입니다. 분위기 좋은 카페들이 밀집해 있고, 예쁜 건물들이 많아서 포토 존도 많읍니다. 언제나 사람들로 붐비는 것이 단점입니다.",4,랜드마크,0.461301759,0.538698247,,,,
현충사,"염치읍 현충사길 126, 아산",충청남도,아산시,역사적인 장소 • 종교적인 장소,4.5,역사적인 장소,0.875760233,0.124239761,,,,
협재,"한림읍 협재리 2497-1, 제주",제주특별자치시,제주시,해변,4.5,해변,0.854380943,0.145619061,,,,
호암미술관,"처인구 포곡읍 에버랜드로 562번길 38, 용인, 경기도",경기도,용인시,가든 • 아트뮤지엄,4.5,박물관,0.93346215,0.066537856,,,,
호텔미란다 스파플러스,"중리천로115번길 45, 이천",경기도,이천시,유서 깊은 산책로 • 절경 드라이브 코스 • 경관이 좋은 산책로,3,리조트,0.815357703,0.184642293,,,,
홍도,"신안군, 신안, 전라남도",전라남도,진도군,섬,4,섬,0.898424381,0.101575621,,,,
홍릉수목원,"동대문구 회기로 57, 서울, 대한민국",서울시,동대문구,공원,4.5,공원,0.927743401,0.07225661,,,,
화성,"팔달구 정조로 825, 수원, 경기도, 대한민국",경기도,수원시,역사적인 장소,4,역사적인장소,0.919298723,0.080701276,,,,
화순 고인돌 군락,"고창, 전라북도",전라남도,고창시,고대 유적,3.5,역사적인 장소,0.547741405,0.452258603,,,,
화암동굴과 천포금광촌,"화암면 화암동굴길 12-1, 정선",강원도,정선군,동굴,4,자연 경관,0.686240729,0.313759276,,,,
화엄사,전남 구례군 마산면 화엄사로 539,전라남도,구례군,종교적인 장소,4.5,종교적인 장소,0.881479041,0.118520964,,,,
화진포 해양박물관,"현내면 화진포길 412, 고성",강원도,고성군,전문 박물관 • 수족관,2.5,박물관,0.382109147,0.617890878,,,,
화진포해수욕장,강원 고성군 현내면 초도리 99,강원도,고성군,해변,4,해변,0.992306382,0.007693628,,,,
화천 산천어축제,"화천읍 산천어길 137, 화천",강원도,화천군,문화 행사,4.5,행사,0.703516305,0.296483696,,,,
환선굴,"신기면 환선로 800, 삼척",강원도,삼척시,동굴,4.5,랜드마크,0.813390879,0.18660913,,,,
황룡사지,"구황동 320-1, 경주",경상북도,경주시,역사적인 장소,4,종교적인 장소,0.724273202,0.275726799,,,,
황매산 군립공원,"합천, 경상남도",경상남도,합천군,공원,4.5,공원,0.768937665,0.231062339,,,,
황지,"황지동 25-4, 태백",강원도,태백시,물길,4,자연 경관,0.811459948,0.188540057,,,,
회암사지,"회암사길 281, 양주, 경기도",경기도,양주시,종교적인 장소,5,종교적인 장소,0.997761727,0.002238277,,,,
휴애리 자연생활공원,"남원읍 신례동로 256, 서귀포",제주특별자치시,서귀포시,공원,4,공원,0.773505199,0.226494809,,,,
흑산도,"Dadohae National Marine Park, 신안",전라남도,신안군,섬,5,섬,0.625063386,0.374936622,,,,
흥정계곡과 허브나라,"봉평면 흥정리, 평창",강원도,평창군,계곡,4.5,자연 경관,0.756666375,0.243333625,,,,
