여행지,주소,행정구역,시군구,분류,트립어드바이저평점
경복궁,서울특별시 종로구 사직로 161,서울시,종로구,역사적인 장소 • 역사박물관,4.5
삼청동길,"107 종로구 삼청동, 서울",서울시,종로구,즐길거리 & 랜드마크,4.5
인사동길,"종로구 인사동, 서울",서울시,종로구,인근 지역 • 즐길거리 & 랜드마크,4
조계사,"종로구 견지동 45번지, 서울",서울시,종로구,종교적인 장소 • 기념비 및 동상,4.5
청와대,"종로구 청와대로 1, 서울",서울시,종로구,공공기관 건물,4
보신각,"종로구 종로 54, 서울",서울시,종로구,역사적인 장소 • 즐길거리 & 랜드마크,4
국립민속박물관,"종로구 삼청로 37 , 서울",서울시,종로구,전문 박물관 • 아트뮤지엄,4.5
사직단,서울 종로구 사직동 1-28번지,서울시,종로구,공원,4
경교장,"종로구 새문안로 29, 서울",서울시,종로구,역사적인 장소 • 건축물,4
탑골공원,"종로구 종로2가, 서울",서울시,종로구,공원,3.5
인왕산 선바위와 국사당,"종로구, 서울",서울시,종로구,산,4.5
종묘,"종로구 종로 157, 서울",서울시,종로구,역사적인 장소 • 즐길거리 & 랜드마크 • 종교적인 장소,4
서울역사박물관,"종로구 신문로2가 2-1, 서울",서울시,종로구,역사박물관,4.5
창경궁,"종로구 창경궁로 185, 서울",서울시,종로구,즐길거리 & 랜드마크 • 유서 깊은 산책로,4.5
창덕궁,"종로구 율곡로 99, 서울",서울시,종로구,역사적인 장소 • 건축물 • 가든,4.5
북촌한옥마을,"종로구 계동길 37, 서울",서울시,종로구,인근 지역 • 즐길거리 & 랜드마크,4
동대문시장,"중구, 서울",서울시,중구,특산물 & 기념품 가게 • 벼룩시장 & 재래시장,4
운현궁,"종로구 삼일대로 464, 서울",서울시,종로구,역사적인 장소 • 즐길거리 & 랜드마크,4
낙산공원,"종로구 동숭동 산2-10, 서울",서울시,종로구,공원,4.5
명동성당,"중구 명동길 74, 서울, 대한민국",서울시,중구,종교적인 장소 • 교회 & 성당,4.5
청계천,서울 종로구 창신동,서울시,종로구,물길 • 유서 깊은 산책로,4.5
덕수궁,"중구 세종대로 99, 서울",서울시,중구,역사적인 장소 • 즐길거리 & 랜드마크 • 건축물,4
남대문시장,"중구 남대문시장4길 21, 서울",서울시,중구,벼룩시장 & 재래시장,4
서울광장,"중구 태평로1가, 서울",서울시,중구,즐길거리 & 랜드마크,4
한국은행 화폐금융박물관,"중구 남대문로 39, 서울",서울시,중구,전문 박물관,4
숭례문,"중구 세종대로 40, 서울",서울시,중구,역사적인 장소 • 즐길거리 & 랜드마크,4
농업박물관,"중구 충정로1가 75, 서울",서울시,중구,역사박물관,4.5
남산골 한옥마을,"중구 퇴계로34길 28, 서울",서울시,중구,역사적인 장소,4
명동,"중구 마른내로 71, 서울",서울시,중구,인근 지역 • 즐길거리 & 랜드마크,4.5
남산과 N서울타워,"용산구 남산공원길 105, 서울, 대한민국",서울시,용산구,즐길거리 & 랜드마크 • 전망대 • 전망대 & 타워,4
삼성미술관 리움,"용산구 이태원로55길 60-16, 서울",서울시,용산구,아트뮤지엄,4.5
국립중앙박물관,"용산구 서빙고로 137, 서울",서울시,용산구,역사박물관,4.5
전쟁기념관,"용산구 이태원로 29, 서울",서울시,용산구,군사 박물관,4.5
홍릉수목원,"동대문구 회기로 57, 서울, 대한민국",서울시,동대문구,공원,4.5
아차산북한산국립공원,"성북구 보국문로 262, 서울",서울시,성북구,국립공원,4.5
이화벽화마을,"종로구 이화동, 서울",서울시,종로구,인근 지역,4
한강시민공원,서울,서울시,전체,공원,4.5
서울숲,"성동구 뚝섬로 273, 서울",서울시,성동구,공원 • 놀이터,4.5
세종대왕기념관,"동대문구 청량리동 산1-157, 서울",서울시,동대문구,역사박물관,4.5
서울 약령시장,"동대문구 약령중앙로8길 10, 서울, 대한민국",서울시,동대문구,특산물 & 기념품 가게,4.5
길상사,"성북구 선잠로5길 68, 서울",서울시,성북구,종교적인 장소,4.5
북악산 서울 한양도성,"622-83 Changsin-dong, 서울",서울시,성북구,역사적인 장소 • 고대 유적 • 전망대 & 타워,4.5
도봉산,"도봉구 도봉산길, 서울",서울시,도봉구,기타 야외 활동,5
태릉,"화랑로 421, 서울",서울시,중랑구,역사적인 장소,4
독립문,"서대문구 현저동 941, 서울",서울시,서대문구,역사적인 장소,4
서대문형무소,"서대문구 통일로 484, 서울",서울시,서대문구,교육적인 장소 • 역사박물관,4.5
절두산 순교성지와 양화진외국인선교사묘원,"마포구 양화진길 46, 서울",서울시,마포구,묘지,5
선유도공원,"영등포구 선유로 343, 서울",서울시,영등포구,공원,4.5
여의도공원,"영등포구 여의공원로 68, 서울",서울시,영등포구,공원,4.5
63스퀘어,"영등포구 63로 50, 서울",서울시,영등포구,건축물,4
국립서울현충원,"동작구 현충로 210, 서울",서울시,동작구,묘지,4.5
관악산,"관악구 관악로, 서울",서울시,관악구,기타 야외 활동,4.5
헌인릉,"서초구 헌인릉길 34 , 서울",서울시,서초구,역사적인 장소,4.5
봉은사,"강남구 삼성동 73, 서울",서울시,강남구,즐길거리 & 랜드마크 • 종교적인 장소,4.5
롯데월드,"송파구 올림픽로 240, 서울",서울시,송파구,놀이공원 & 테마파크,4
방이동 백제 고분군,서울 송파구 방이동,서울시,송파구,역사적인 장소,3.5
몽촌토성,"송파구 올림픽로 424, 서울",서울시,송파구,역사적인 장소 • 경관이 좋은 산책로,4.5
올림픽공원,"송파구 올림픽로 424, 서울",서울시,송파구,스포츠 컴플렉스 • 공원,4.5
동대문디자인플라자,"중구 을지로 281, 서울",서울시,중구,즐길거리 & 랜드마크 • 건축물,4
국립현대미술관(서울관),"종로구 삼청로 30, 서울",서울시,종로구,아트뮤지엄,4.5
아인스월드,"길주로 1, 부천, 경기도",경기도,부천시,놀이공원 & 테마파크,4
부천 물박물관,"길주로 1, 부천, 경기도",경기도,부천시,전문 박물관,4
부천자연생태박물관과 식물원,"길주로 660, 부천, 경기도",경기도,부천시,자연 & 야생동물 서식지,4
로보파크,"원미구 평천로 655, 부천",경기도,부천시,과학박물관 • 어린이 박물관,4
유럽자기박물관,"부천시, 경기도",경기도,부천시,아트뮤지엄,4.5
한국만화박물관,"원미구 길주로 1, 부천",경기도,부천시,전문 박물관,4.5
원당 허브랜드,"고양시, 경기도",경기도,고양시,기타 야외 활동,3.5
행주산성,"덕양구 행주로15번길 89, 고양",경기도,고양시,역사적인 장소 • 성,4
서삼릉,"덕양구 원당동, 고양, 경기도",경기도,고양시,역사적인 장소,4
원당 종마목장,"덕양구 서삼릉길 233-112, 고양",경기도,고양시,목장,4.5
일산 호수공원,"일산동구, 고양",경기도,고양시,물길 • 공원,4.5
서울대공원,"대공원광장로 102, 과천",경기도,과천시,동물원 • 공원 • 가든,4.5
국립과천과학관,"과천동 706, 과천",경기도,과천시,과학박물관 • 관측소 & 천체투영관,4.5
정약용 생가와 묘소,"조안면 다산로747번길 11, 남양주",경기도,남양주시,역사적인 장소,4.5
축령산,경기도 남양주,경기도,남양주시,산,X
수종사,"조안면 송촌리 1060, 남양주, 경기도",경기도,남양주시,종교적인 장소,4.5
동구릉,"동구동, 구리, 경기도",경기도,구리시,역사적인 장소,4.5
경기도립 물향기수목원,"청학로 211, 오산, 경기도, 대한민국",경기도,오산시,자연 & 야생동물 서식지,4.5
철도박물관,"철도박물관로 142,의왕,경기도",경기도,의왕시,전문 박물관,4
와우정사,"처인구 해실로 89-19, 용인",경기도,용인시,즐길거리 & 랜드마크 • 종교적인 장소,4.5
세중박물관,"처인구 양지면 양대로 155, 용인",경기도,용인시,전문 박물관,3.5
한택식물원,"처인구 백암면 한택로 2, 용인",경기도,용인시,가든,4
에버랜드,"처인구 포곡읍 에버랜드로 199, 용인",경기도,용인시,놀이공원 & 테마파크,4.5
삼성화재 교통박물관,"처인구 포곡읍 에버랜드로 376번길 171, 용인, 경기도",경기도,용인시,전문 박물관,4
호암미술관,"처인구 포곡읍 에버랜드로 562번길 38, 용인, 경기도",경기도,용인시,가든 • 아트뮤지엄,4.5
한국민속촌,"기흥구 민속촌로 90, 용인, 경기도",경기도,용인시,역사적인 장소 • 놀이공원 & 테마파크,4.5
헤이리 문화예술마을,"탄현면, 파주",경기도,파주시,"이제는 인기가 시들해졌지만, 그래도 파주에 간다면 한 번은 가보게  되는 곳입니다. 분위기 좋은 카페들이 밀집해 있고, 예쁜 건물들이 많아서 포토 존도 많읍니다. 언제나 사람들로 붐비는 것이 단점입니다.",4
임진각 평화누리,"문산읍 사목리 481-1, 파주",경기도,파주시,공원,4
오두산 통일전망대,"탄현면 필승로 369, 파주",경기도,파주시,전망대 & 타워,4
해강 도자미술관,"신둔면 수광리 330-1, 이천",경기도,이천시,전문 박물관,4.5
테르메덴온천,"모가면 사실로 988, 이천",경기도,이천시,워터파크,4.5
산수유마을,경기 이천시 백사면 원적로775번길 17,경기도,이천시,인근 지역 • 경관이 좋은 산책로,4
호텔미란다 스파플러스,"중리천로115번길 45, 이천",경기도,이천시,유서 깊은 산책로 • 절경 드라이브 코스 • 경관이 좋은 산책로,3
칠장사,"죽산면 칠장로 399-18, 안성",경기도,안성시,역사적인 장소 • 종교적인 장소 • 경관이 좋은 산책로,3.5
서일농원,"일죽면 금일로 332-17, 안성",경기도,안성시,강연 & 워크숍 • 농장,4
애기봉전망대,"강화군 양사면 전망대로 797, 인천",경기도,안성시,전망대 & 타워,4.5
죽주산성,"죽산면 죽양대로 111-71, 안성",경기도,안성시,성 • 군사 기지 및 시설 • 경관이 좋은 산책로,4
남사당 전수관,"안성, 경기도, 대한민국",경기도,안성시,교육적인 장소,4.5
덕포진,"대곶면 신안리, 김포",경기도,김포시,역사적인 장소,4
덕포진 교육박물관,"대곶면 신안리 232-1번지, 김포",경기도,김포시,역사박물관,4.5
백남준 아트센터,"기흥구 상갈동 85, 용인",경기도,용인시,아트갤러리,4
수도국산 달동네박물관,"동구 송현동 163, 인천",인천광역시,동구,전문 박물관,4.5
제부도,"서신면, 화성, 경기도",경기도,화성시,섬,4
송산 공룡알화석지,"송산면 고정리, 화성",경기도,화성시,고대 유적 • 즐길거리 & 랜드마크,4
용주사,"송산동 188, 화성",경기도,화성시,종교적인 장소,4.5
제암리 3ㆍ1운동 순국기념관,"항남읍 제암리 3-1, 화성, 경기도",경기도,화성시,역사박물관,X
남한산성도립공원,"광주, 경기도",경기도,광주시,역사적인 장소 • 공원,4
장흥아트파크,"장흥면 권율로 117, 양주",경기도,양주시,전문 박물관 • 아트뮤지엄,4.5
회암사지,"회암사길 281, 양주, 경기도",경기도,양주시,종교적인 장소,5
필룩스조명박물관,"광적면 광적로 235-48, 양주, 경기도",경기도,양주시,전문 박물관,4
명성산,"영북면 산정리 191, 포천, 경기도",경기도,포천시,하이킹 트레일,X
허브아일랜드,"포천, 경기도",경기도,포천시,가든,4
국립수목원,"소흘읍 직동리 51-7, 포천, 경기도",경기도,포천시,산림 • 가든,4.5
국망봉 자연휴양림,"이동면 장암리, 포천",경기도,포천시,산림,4
신륵사,"신륵사길 73, 여주, 경기도",경기도,여주시,종교적인 장소,4
영녕릉,"능서면 왕대리 산83-1, 여주",경기도,여주시,역사적인 장소,4.5
명성황후 생가,"250-2, 여주, 경기도",경기도,여주시,역사적인 장소 • 건축물,4
연천 전곡리 유적,"연천, 경기도",경기도,연천시,고대 유적,3.5
아침고요수목원,"상면 수목원로 432, 가평",경기도,가평군,가든,4.5
경안천 습지생태공원,"퇴촌면 정지리 447, 광주",경기도,광주시,물길 • 자연 & 야생동물 서식지 • 공원,X
유명산 자연휴양림,"유명산길, 가평, 경기도",경기도,가평군,자연 & 야생동물 서식지 • 산림,X
용추계곡,경기 가평군 가평읍 승안리,경기도,동해시,계곡,4.5
용문사,"용문면 신점리 625, 양평",경기도,양평군,종교적인 장소,4.5
두물머리,"양서면 양수리, 양평",경기도,양평군,물길 • 즐길거리 & 랜드마크,4.5
중미산천문대,"옥천면 신복리 산201-2, 양평, 경기도",경기도,양평군,산림,4.5
세미원,"양서면 양수로 93, 양평",경기도,양평군,가든 • 경관이 좋은 산책로,4.5
양평 들꽃수목원,"양평읍 수목원길 16, 양평",경기도,양평군,즐길거리 & 랜드마크 • 가든,4
차이나타운,"중구, 인천",인천광역시,중구,즐길거리 & 랜드마크,3.5
을왕리해수욕장,"중구 을왕로13번길 15 (을왕동), 인천",인천광역시,중구,해변,3.5
한국이민사박물관,"중구 월미로 329, 인천",인천광역시,중구,전문 박물관,4
월미도,"중구 북성동1가, 인천",인천광역시,중구,섬,4
소래포구,"남동구 논현동 111-200, 인천",인천광역시,남동구,특산물 & 기념품 가게,4.5
전등사,"강화군 길상면 전등사로 37-41, 인천",인천광역시,강화군,종교적인 장소,4
용흥궁,인천광역시 강화읍 관청리 441번지,인천광역시,강화군,역사적인 장소,3.5
갑곶돈대,"강화읍 해안동로 1366번길 18, 인천",인천광역시,강화군,역사적인 장소 • 전쟁터 유적지,4.5
보문사,"강화군 삼산면 삼산남로828번길 44, 인천",인천광역시,강화군,종교적인 장소,4.5
강화역사박물관,"하점면 강화대로 994-19, 인천",인천광역시,강화군,역사박물관,4.5
광성보와 용두돈대,"강화군 불은면 해안동로 466번길27, 인천",인천광역시,강화군,역사적인 장소 • 즐길거리 & 랜드마크 • 전쟁터 유적지 • 군사 기지 및 시설 • 경관이 좋은 산책로,4.5
초지진,"길상면 해안동로 58, 인천",인천광역시,강화군,역사적인 장소 • 즐길거리 & 랜드마크,4
동막해변,"강화군 화도면, 인천",인천광역시,강화군,해변,4
성공회 강화읍성당,"강화군 강화읍 관청리 336, 인천",인천광역시,강화군,역사적인 장소 • 건축물 • 교회 & 성당,4.5
강화 풍물시장,"강화군 강화읍 중앙로 17-9, 인천",인천광역시,강화군,벼룩시장 & 재래시장,3.5
고려궁지,"강화읍 강화대로 394, 인천",인천광역시,강화군,역사적인 장소 • 즐길거리 & 랜드마크,4
마니산과 참성단,"화도면 흥왕리 산42-1, 인천",인천광역시,강화군,역사적인 장소,4.5
백령도,"옹진군 백령면, 인천",인천광역시,옹진군,섬,4.5
소양호,"북산면, 춘천",강원도,춘천시,페리 • 댐,4
청평사,"북산면 오봉산길 810, 춘천, 강원도",강원도,춘천시,종교적인 장소,4.5
춘천 인형극장,"영서로 3017, 춘천",강원도,춘천시,전문 박물관 • 시어터,4.5
애니메이션박물관,"서면 박사로 854, 춘천",강원도,춘천시,전문 박물관,4
제이드가든 수목원,"남산면 햇골길 80, 춘천",강원도,춘천시,공원 • 가든,4.5
남이섬,"남산면 남이섬길 1, 춘천",강원도,춘천시,섬,4.5
국립춘천박물관,"우석로 70, 춘천",강원도,춘천시,전문 박물관,4
강촌,"신동면 증리 323-2, 춘천, 강원도",강원도,춘천시,놀이공원 & 테마파크,4.5
춘천마임축제,"강원 춘천시 효자1동 문예회관길 13, 춘천",강원도,춘천시,문화 행사,4.5
김유정 문학촌,"868-1Jeung-ri, Sindong-myeon, 춘천, 강원도",강원도,춘천시,인근 지역,4.5
박경리문학공원,"토지길 1, 원주",강원도,원주시,전문 박물관,4.5
치악산 국립공원,"원주시 소초면, 원주, 강원도",강원도,원주시,국립공원,4.5
하슬라 아트월드,"강동면 율곡로 1441,강릉,강원도",강원도,강릉시,전문 박물관,4.5
참소리축음기와 에디슨과학박물관,"경포로 393, 강릉",강원도,강릉시,과학박물관,4.5
정동진,"정동역길 17 (강동면), 강릉",강원도,강릉시,해변,4
대기리 고랭지 채소밭,강원도 강릉시 왕산면 대기리 2214-92,강원도,강릉시,"랜드마크, 체험공간",4
강릉선교장,"431 Unjeong-dong, 강릉, 강원",강원도,강릉시,역사적인 장소,4
오죽헌,"죽헌동 201, 강릉, 강원도",강원도,강릉시,전문 박물관,4
망상해수욕장,"망상동 , 동해, 강원도",강원도,동해시,해변,4.5
무릉계곡,"삼화동, 동해, 강원도",강원도,동해시,계곡,4.5
추암바위와 추암해변,"북평동, 동해, 강원도",강원도,동해시,해변,4.5
천곡동굴,"천곡동, 동해, 강원도",강원도,동해시,동굴,4
검룡소,"창죽동, 태백, 강원도",강원도,태백시,물길,4.5
태백 석탄박물관,"천제단길 195, 태백",강원도,태백시,전문 박물관,4.5
태백산도립공원,"태백산로 4778, 태백",강원도,태백시,국립공원,4.5
황지,"황지동 25-4, 태백",강원도,태백시,물길,4
구문소,"구문소동, 태백",강원도,태백시,기타 야외 활동,4.5
설악 씨네라마,"장사동, 속초",강원도,속초시,즐길거리 & 랜드마크,4
석봉 도자기미술관,"668-57, 교동, 속초",강원도,속초시,전문 박물관,4
대포항,"대포동, 속초",강원도,속초시,즐길거리 & 랜드마크,4
설악산 국립공원,"속초, 강원도",강원도,속초시,국립공원,4.5
영금정,"영금정로 24, 속초",강원도,속초시,즐길거리 & 랜드마크,4
속초 등대전망대,"영금정로5길 8-28, 속초",강원도,속초시,전망대 • 등대 • 전망대 & 타워,4.5
속초시립박물관,"신흥2길 16, 속초",강원도,속초시,역사박물관,4
아바이마을,"청호로 122, 속초",강원도,속초시,역사 및 문화 유산 투어,4
청초호,"청호동, 속초",강원도,속초시,물길,4
영랑호,강원도 속초시 장사동,강원도,속초시,물길,4
대금굴,"신기면 환선로 800, 삼척",강원도,삼척시,동굴 • 지층,5
환선굴,"신기면 환선로 800, 삼척",강원도,삼척시,동굴,4.5
죽서루,"성내동 9-3, 삼척",강원도,삼척시,즐길거리 & 랜드마크,4
구곡폭포,"남산면 강촌구곡길 254, 춘천",강원도,춘천시,물길 • 폭포,4
천은사,강원 삼척시 미로면 동안로 816 천은사,강원도,삼척시,종교적인 장소,4
해신당공원,"원덕읍 삼척로 1852-6, 삼척",강원도,삼척시,유서 깊은 산책로 • 공원,4
모곡유원지,강원도 홍천군 서식면 생곡리,강원도,홍천군,역사적인 장소,X
수타사,"동면 수타사로 473, 홍천",강원도,홍천군,종교적인 장소,4.5
철암역,"철암동, 태백",강원도,태백시,인근 지역 • 건축물 • 유령 마을,4
풍수원성당,"서원면 경강로유현1길 30, 횡성",강원도,횡성군,교회 & 성당,4.5
안흥찐빵마을,"안흥면 안흥로 27, 횡성",강원도,횡성군,인근 지역 • 즐길거리 & 랜드마크,3.5
병지방계곡,"갑천면 어답산로, 횡성",강원도,횡성군,계곡,X
조선민화박물관,"김삿갓면 김삿갓로 432-10, 영월",강원도,영월군,전문 박물관,4.5
장릉,"영월읍 단종로190, 영월",강원도,영월군,역사적인 장소,4.5
청령포,"영월읍 청령포로 133, 영월",강원도,영월군,유서 깊은 산책로,4.5
법흥사,"무릉도원면 무릉법흥로 1352, 영월",강원도,영월군,종교적인 장소,4
별마로천문대,"영월읍 천문대길 397, 영월",강원도,영월군,전문 박물관,4.5
곤충박물관,"영월읍 동강로 716, 영월",강원도,영월군,자연사 박물관,4.5
흥정계곡과 허브나라,"봉평면 흥정리, 평창",강원도,평창군,계곡,4.5
대관령 삼양목장,"대관령면 꽃밭양지길 708-9, 평창",강원도,평창군,목장,4
양떼목장,"대관령면 대관령마루길 483-32, 평창",강원도,평창군,목장,4
월정사,"진부면 오대산로 374-8, 평창",강원도,평창군,종교적인 장소,4.5
상원사,"평창군 진부면 오대산로 1211-14, 평창",강원도,평창군,종교적인 장소,4.5
한국자생식물원,"대관령면 비안길 159-4, 평창",강원도,평창군,자연 & 야생동물 서식지,3
청옥산 육백마지기,"미탄면 청옥산길 583-76, 평창",강원도,평창군,전망대 • 경관이 좋은 산책로,5
무이예술관,"봉평면 무이리 58, 평창",강원도,평창군,전문 박물관,2.5
오대산 국립공원,"진부면 오대산로 2, 평창, 강원도",강원도,평창군,국립공원,4.5
이효석 문학관과 생가,"봉평면 효석문학길73-25, 평창",강원도,평창군,전문 박물관 • 즐길거리 & 랜드마크,4
뇌운계곡,"273,뇌운리, 평창읍, 평창, 강원도",강원도,평창군,계곡,X
화암동굴과 천포금광촌,"화암면 화암동굴길 12-1, 정선",강원도,정선군,동굴,4
정선5일장,"정선읍 비봉로 58-1, 정선, 강원도",강원도,정선군,벼룩시장 & 재래시장,4
정선 아우라지,"여량면 아우라지길 69, 정선",강원도,정선군,물길 • 자연 & 야생동물 서식지,X
고석정,"동송읍 태봉로 1825, 철원, 강원도",강원도,철원군,물길 • 즐길거리 & 랜드마크,4
노동당사,"철원읍 관전리, 철원",강원도,철원군,역사적인 장소,4
도피안사,"동송읍 도피동길 23, 철원",강원도,철원군,역사적인 장소 • 종교적인 장소,3
화천 산천어축제,"화천읍 산천어길 137, 화천",강원도,화천군,문화 행사,4.5
두타연계곡,"방산면, 양구",강원도,양구군,폭포,5
방태산 자연휴양림,"기린면 방태산길 241, 인제",강원도,인제군,산림,4.5
백담사,"746, 백담로, 북면, 인제, 강원도",강원도,인제군,종교적인 장소,4.5
필례약수,"인제, 강원도",강원도,인제군,즐길거리 & 랜드마크,4
화진포해수욕장,강원 고성군 현내면 초도리 99,강원도,고성군,해변,4
화진포 해양박물관,"현내면 화진포길 412, 고성",강원도,고성군,전문 박물관 • 수족관,2.5
건봉사,"거진읍 건봉사로 723, 고성",강원도,고성군,역사적인 장소 • 종교적인 장소 • 경관이 좋은 산책로,4
왕곡마을,"죽왕면 왕곡마을길 35, 고성",강원도,고성군,역사적인 장소 • 인근 지역 • 유서 깊은 산책로,5
청간정,"토성면 동해대로, 고성",강원도,고성군,역사적인 장소 • 건축물,4
삼포 해수욕장,"죽왕면 삼포리 1-1, 고성",강원도,고성군,해변,3.5
낙산해수욕장,"강현면 59, 양양",강원도,양양군,해변,4.5
남애항과 남애해수욕장,"현남면 남애리, 양양",강원도,양양군,즐길거리 & 랜드마크,4.5
오산리 선사유적박물관,"손양면 오산리 51, 양양",강원도,양양군,역사박물관,4
낙산사,"정진1리, 강현면, 양양, 강원도",강원도,양양군,종교적인 장소,4.5
오색 주전골,"서면 오색리, 양양",강원도,양양군,기타 야외 활동,5
하조대,"현북면 하광정리, 양양",강원도,양양군,즐길거리 & 랜드마크,4.5
명주사,강원 원주시 신림면 물안길 62,강원도,양양군,종교시설,X
송천 떡마을,"서면 송천리, 양양",강원도,양양군,즐길거리 & 랜드마크,2.5
청주고인쇄박물관,"흥덕구 직지대로 713, 청주, 충청북도",충청북도,청주시,전문 박물관,4
상당산성,"상당구 산성동 산28-2, 청주",충청북도,청주시,역사적인 장소 • 경관이 좋은 산책로,4.5
중앙탑과 충주박물관,"가금면 중앙탑길 112-28, 충주",충청북도,청주시,전문 박물관,3
청풍 문화재단지,"청풍면 물태리 산6-20, 제천",충청북도,제천시,역사적인 장소,4
상수허브랜드,"남이면 부용외천길 18, 청원",충청북도,청주시,기타 야외 활동,3.5
월악산 국립공원,"한수면 미륵송계로 1647, 제천, 충청북도",충청북도,제천시,국립공원,4.5
법주사,"내속리면 사내리 209, 보은, 충청북도",충청북도,보은군,종교적인 장소,4.5
삼년산성,"San 1-1, Eoam-ri, Boeun-eup, 보은",충청북도,보은군,역사적인 장소,4.5
속리산 국립공원,"Songnisan-myeon, 보은",충청북도,보은군,국립공원,4.5
정지용 문학관과 생가,"옥천읍 향수길 56, 옥천, 충청북도",충청북도,옥천군,역사적인 장소,3.5
음성 큰바위얼굴 조각공원,"생극면 관성리 9-1, 음성, 충청북도",충청북도,음성군,공원,3.5
도담삼봉,"매포읍 삼봉로 644-13, 단양",충청북도,단양군,산,3.5
온달국민관광지,"영춘면 온달로 23, 단양",충청북도,단양군,역사적인 장소 • 즐길거리 & 랜드마크 • 동굴,4
선암계곡,충북 단양군 단성면 가산리,충청북도,단양군,종교적인 장소,4.5
사인암,"대강면 사인암길 24, 단양",충청북도,단양군,역사적인 장소,4.5
충주호 유람선,"단성면 월악로 3811-19, 단양",충청북도,단양군,보트 투어 • 페리,4
한드미마을,"가곡면 한드미길 37, 단양",충청북도,단양군,즐길거리 & 랜드마크,X
구인사,"영춘면 백자리 132-1, 단양",충청북도,단양군,즐길거리 & 랜드마크,4.5
영평사,"장기면 산학리 441번지, 세종시",세종시,장군면,종교적인 장소,4
국립공주박물관,"웅진동 360, 공주, 충청남도, 대한민국",충청남도,공주시,전문 박물관,4.5
석장리박물관,"금벽로 990, 공주",충청남도,공주시,역사박물관,4
동학사,"반포면 동학사1로 462, 공주",충청남도,공주시,역사적인 장소 • 종교적인 장소 • 경관이 좋은 산책로,4
마곡사,"사곡면 운암리 567, 공주",충청남도,공주시,종교적인 장소,4
계룡산 국립공원,"계룡면 공주, 충청남도",충청남도,공주시,국립공원,4.5
갑사,"계룡면 중장리 52, 공주",충청남도,공주시,종교적인 장소,4
대천해수욕장,"신흑동, 보령",충청남도,보령시,해변,4
보령 석탄박물관,"성주면 성주산로 508 , 보령",충청남도,보령시,전문 박물관,4
무창포해수욕장,"웅천읍 열린바다1길 10, 보령",충청남도,보령시,해변,4.5
맹씨행단,"배방읍 행단길 25, 아산",충청남도,아산시,역사적인 장소,4
외암민속마을,"Oeam-ri, Songak-myeon, 아산",충청남도,아산시,인근 지역,4
온양민속박물관,"권곡동 403-1, 아산",충청남도,아산시,전문 박물관,4
현충사,"염치읍 현충사길 126, 아산",충청남도,아산시,역사적인 장소 • 종교적인 장소,4.5
추사 고택,"799-2, Yonggung-ri, Sinam-myeon, 예산",충청남도,예산군,역사적인 장소 • 건축물,5
간월재,"울주군 상북면, 울산",울산광역시,울주군,산림,4.5
개심사,"동구 판암로 128-269, 서산",충청남도,서산시,종교적인 장소,4
해미읍성,"Eumnae-ri, Haemi-myeon, 서산",충청남도,서산시,역사적인 장소,4
금산 인삼축제,"30, Insamgwangjang-ro, Geumsan-eup, 금산",충청남도,금산시,음식 & 음료 축제,4.5
관촉사,"254, Gwanchok-dong, 논산",충청남도,논산시,종교적인 장소,4.5
부소산성,"부여읍 쌍북리, 부여, 충청남도",충청남도,부여군,역사적인 장소,4.5
능산리 고분군,"16-1 능산리, 부여읍, 부여, 충청남도",충청남도,부여군,역사적인 장소,3.5
백제 역사문화관,"규암면 합정리 597, 부여",충청남도,부여군,역사박물관,3.5
국립부여박물관,"부여읍 금성로 5, 부여",충청남도,부여군,전문 박물관,4.5
궁남지,"부여읍 궁남로 52, 부여",충청남도,부여군,역사적인 장소 • 물길 • 공원,4.5
국립해양생물자원관,"장항읍 장산로101번길 75, 서천",충청남도,서천시,과학박물관,4
마량리 동백숲,"서면 서인로235번길 103, 서천",충청남도,서천시,유서 깊은 산책로 • 경관이 좋은 산책로,3
춘장대해수욕장,"서면 도둔리 400, 서천, 충청남도, 대한민국",충청남도,서천시,해변,4
신성리 갈대밭,"한산면 신성리 125-1, 서천",충청남도,서천시,자연 & 야생동물 서식지 • 경관이 좋은 산책로,4
고운식물원,"청양읍 식물원길 398-23, 청양",충청남도,청양군,가든,4.5
덕산 스파캐슬,"덕산면 온천단지3로 45-7, 예산",충청남도,예산군,호텔,3
한국 고건축박물관,"덕산면 흥덕서로 543, 예산, 충청남도",충청남도,예산군,전문 박물관 • 역사박물관,3.5
수덕사,"Sacheon-ri, Deoksan-myeon, 예산",충청남도,예산군,종교적인 장소,4.5
천리포수목원,"소원면 천리포1길 187, 태안",충청남도,태안시,가든,4.5
꽃지해수욕장,"Kkotjihaean-ro, 태안",충청남도,태안시,해변,4
안면도 자연휴양림,"안면읍 안면대로 3195-6, 태안",충청남도,태안시,산림,4.5
안면암 부교,"안면읍 여수해길 198-160, 태안",충청남도,태안시,종교적인 장소 • 경관이 좋은 산책로,3.5
천주교 대전교구 솔뫼성지,"우강면 솔뫼로 132, 당진",충청남도,당진시,역사적인 장소,4.5
국립중앙과학관,"유성구 대덕대로 481, 대전",대전광역시,유성구,과학박물관 • 관측소 & 천체투영관,4.5
경기전,"완산구 한지길 102, 전주",전라북도,전주시,역사적인 장소,4
전주한옥마을,"완산구 은행로, 전주",전라북도,전주시,즐길거리 & 랜드마크,4
전주 한지박물관,"덕진구 팔복로 59, 전주, 전라북도",전라북도,전주시,전문 박물관,4.5
천주교 치명자산 성지,"San 11-1, Daeseong-dong, Wansan-gu, 전주",전라북도,전주시,역사적인 장소 • 종교적인 장소,4.5
덕진공원,"덕진구 권삼득로 390, 전주, 전라북도",전라북도,전주시,공원,4
금강 철새조망대,"성산면 철새로 120, 군산, 전라북도",전라북도,군산시,전망대 & 타워,4.5
해망굴,"군산창2길 48, 군산, 전라북도",전라북도,군산시,역사적인 장소 • 즐길거리 & 랜드마크,5
월명공원,"해망로, 군산, 전라북도",전라북도,군산시,공원,5
선유도,"영등포구 선유로 343, 서울",서울시,영등포구,공원,4.5
익산 보석박물관,"왕궁면 호반로 8, 익산, 전라북도",전라북도,익산시,전문 박물관,3.5
미륵사지,"금마면 미륵사지로 362, 익산, 전라북도",전라북도,익산시,종교적인 장소,4
왕궁리 오층석탑,"왕궁면 궁성로 674, 익산, 전라북도",전라북도,익산시,역사적인 장소 • 즐길거리 & 랜드마크,5
내장사,"내장동 590, 정읍",전라북도,정읍시,종교적인 장소,4
동학혁명기념관,"완산구 은행로 34, 전주",전라북도,전주시,역사박물관,4.5
내장산 국립공원,"북흥면 봉덕리, 순창, 전라북도",전라북도,정읍시,국립공원,4.5
실상사,"산내면 입석리 50번지, 남원",전라북도,부안군,종교적인 장소,4.5
광한루원,"천거동, 남원, 전라북도",전라북도,남원시,유서 깊은 산책로,4.5
벽골제,"부량면 벽골제로 442, 김제",전라북도,김제시,전문 박물관,3.5
전북 도립미술관,"구이면 모악산길 111-6, 완주",전라북도,완주군,전문 박물관,4
금산사,"금산면 모악15길 1, 김제",전라북도,김제시,종교적인 장소,4.5
송광사,"송광면 송광사안길 100, 순천",전라남도,순천시,종교적인 장소,4.5
덕유산 국립공원,"함양군, 경상남도",경상남도,함양군,국립공원,4
임실치즈테마파크,"성수면 도인2길 50, 임실",전라북도,임실군,놀이공원 & 테마파크,4.5
강천산,"군 팔덕면 강천산길 270 일대, 순창",전라북도,순창군,공원,4.5
고추장마을,"순창읍 민속마을길 5-13, 순창, 전라북도",전라북도,순창군,인근 지역,4
고창 고인돌 박물관,"676, Dosan-ri, Gochang-eup, 고창",전라북도,고창시,역사박물관,4
선운사,"아산면 선운사로 250, 고창",전라북도,고창시,종교적인 장소,4.5
고창읍성,"고창읍 읍내리 126, 고창",전라북도,고창시,성,4.5
구시포해수욕장과 해수월드,"상하면 진암구시포로 545, 고창",전라북도,고창시,해변,X
구암리 지석묘 무리,전라북도 부안군 하서면 석상리 707-1,전라북도,부안군,고대 유적 • 즐길거리 & 랜드마크,4
월명암 낙조대,"San 96-1, Junggye-ri, Byeonsan-myeon, 부안",전라북도,부안군,종교적인 장소,4
개암사,"개암사 248 개암로, 부안, 전라북도",전라북도,부안군,종교적인 장소,4
내소사,"268, Seokpo-ri, 부안",전라북도,부안군,종교적인 장소,4
부안 영상테마파크,"변산면 격포리 375, 부안",전라북도,부안군,놀이공원 & 테마파크,3.5
곰소염전,"진서면 청자로 1075, 부안",전라북도,부안군,농장,4.5
유달산조각공원,"죽교동, 목포",전라남도,목포시,공원,4
목포 근대역사관(1관),"중앙동2가 6, 목포",전라남도,목포시,역사박물관,4
유달산,"목포, 전라남도",전라남도,목포시,산 • 공원,4.5
국립해양유물전시관,"용해동 8, 목포",전라남도,목포시,자연사 박물관,5
목포 자연사박물관,"용해동 9-28, 목포",전라남도,목포시,전문 박물관,4.5
만성리 검은모래해수욕장,"만성리길 15-1, 여수",전라남도,여수시,해변,3.5
돌산대교와 돌산공원,"돌산읍 우두리, 여수, 전라남도",전라남도,여수시,공원,4
향일암,"돌산읍 향일암로 60, 여수",전라남도,여수시,종교적인 장소,4.5
전라남도 해양수산과학관,"돌산로 2876, 여수",전라남도,여수시,과학박물관,4
진남관,"군자동 472, 여수",전라남도,여수시,역사적인 장소,4
거북선모형관,"중앙동 236, 통영",전라남도,여수시,즐길거리 & 랜드마크,3.5
오동도,"한려동 1, 여수",전라남도,여수시,섬,4
낙안읍성,"낙안면 충민길 30, 순천",전라남도,순천시,유서 깊은 산책로,4.5
선암사,"승주읍 선암사길 450, 순천",전라남도,순천시,종교적인 장소,4.5
송광사,"송광면 송광사안길 100, 순천, 전라남도",전라남도,순천시,종교적인 장소,4.5
낙안 민속자연휴양림,"낙안면 민속마을길 1600, 순천",전라남도,순천시,자연 & 야생동물 서식지 • 산림,X
금둔사,"낙안면 조정래길 1000, 순천",전라남도,순천시,종교적인 장소,4
한국천연염색문화관,"다시면 백호로 379, 나주",전라남도,나주시,아트갤러리 • 아트뮤지엄,3.5
나주 영상테마파크,"공산면 덕음로 450, 나주",전라남도,나주시,즐길거리 & 랜드마크,X
나주 배마을과 배박물관,전남 나주시 금천면 영산로 5838 나주배박물관,전라남도,나주시,전문 박물관,3
반남 고분군,"반남면 고분로 756, 나주",전라남도,나주시,역사적인 장소 • 즐길거리 & 랜드마크,X
백운산 자연휴양림,전남 광양시 옥룡면 백계로 405,전라남도,강양시,산림,4.5
광양 장도박물관,"광양읍 매천로 771, 광양, 전라남도",전라남도,광양시,전문 박물관 • 역사박물관,3
메타세콰이어 가로수길,"전남 담양군 담양읍 학동리 633, 담양",전라남도,담양군,모르겠어요.. 데이트 명소라고 알고 있는데 그게 맞나요? 그냥 입구에서 표 안끊고 아.. 이렇구나 하고 왔는데 눈 오면 나름 예쁠것도 같고...... 바로 옆에서 커피 마시고 빠잇,4
담양온천,"금성면 금성산성길 202, 담양",전라남도,담양군,온천 리조트 • 스파,5
죽녹원,"담양읍 향교리 282, 담양",전라남도,담양군,공원 • 산림,4.5
대나무골 테마공원,"금성면 비내동길 148, 담양, 전라남도",전라남도,담양군,공원 • 산림,X
식영정,"남면 지곡리 산76-1, 담양",전라남도,담양군,역사적인 장소 • 건축물,4
소쇄원,"남면 지곡리 123번지, 담양",전라남도,담양군,가든,4
명옥헌 원림,"고서면 후산길 103, 담양, 전라남도, 대한민국",전라남도,담양군,역사적인 장소 • 가든,4.5
한국 대나무박물관,"담양읍 죽향문화로 35, 담양, 전라남도",전라남도,담양군,전문 박물관,4
면앙정,전남 담양군 봉산면 면앙정로 382-11 ,전라남도,담양군,역사적인 장소 • 건축물,5
섬진강 기차마을,"402, Jewol-ri, Bongsan-myeon, 담양",전라남도,담양군,경전철 서비스,4
천은사,전남 구례군 광의면 노고단로 209,전라남도,구례군,종교적인 장소,4
화엄사,전남 구례군 마산면 화엄사로 539,전라남도,구례군,종교적인 장소,4.5
율포해수욕장과 해수녹차탕,"보성, 전라남도",전라남도,보성군,해변,4
소설 『태백산맥』 문학기행,"벌교읍 회정리 357-2, 보성, 전라남도",전라남도,보성군,전문 박물관,4
증도 태평염전과 소금박물관,"마산면 황전리 12, 구례",전라남도,구례군,전문 박물관,3.5
대원사와 티베트박물관,"문덕면 죽산길 520-1, 보성",전라남도,보성군,아트뮤지엄 • 역사박물관,4.5
운주사,전북 정읍시 산외면 종운로 536,전라남도,정읍시,종교적인 장소,4.5
화순 고인돌 군락,"고창, 전라북도",전라남도,고창시,고대 유적,3.5
천관산,"관산읍 옥당리 25-1, 장흥, 전라남도",전라남도,장흥시,해변 & 풀 클럽,5
보림사,"유치면 보림사로 224, 장흥",전라남도,장흥시,즐길거리 & 랜드마크 • 종교적인 장소,4
백련사,"도암면 백련사길 145, 강진, 전라남도",전라남도,강진군,종교적인 장소,4.5
다산초당,"68-35 다산당로, 강진, 전라남도",전라남도,강진군,역사적인 장소 • 건축물,4.5
영랑 생가,"강진읍 영랑생가길 15, 강진",전라남도,강진군,역사적인 장소 • 즐길거리 & 랜드마크 • 교육적인 장소,4.5
금릉 경포대,전남 강진군 성전면 월남리 산116-2,전라남도,강진군,역사적인 장소,4.5
무위사,전남 강진군 성전면 무위사로 308,전라남도,강진군,종교적인 장소,4
강진 청자박물관,"대구면 청자촌길 21-11, 강진, 전라남도",전라남도,강진군,전문 박물관,4
마량항,"마량면 마량3길 46-2, 강진",전라남도,강진군,즐길거리 & 랜드마크 • 부두 & 보드워크 • 등대,4.5
땅끝마을,"송지면 땅끝해안로, 해남",전라남도,해남군,관측소 & 천체투영관,3.5
대흥사,"삼산면 대흥사길 400, 해남",전라남도,해남군,종교적인 장소,4.5
두륜산 케이블카,"삼산면 대흥사길 88-45, 해남",전라남도,해남군,전차,4
해남 공룡박물관,"황산면 우항리 191, 해남, 전라남도",전라남도,해남군,전문 박물관,4
미황사,"247, Seojeong-ri, Songji-myeon, 해남",전라남도,해남군,종교적인 장소,5
월출산 국립공원,"영암, 전라남도",전라남도,영암군,국립공원,5
왕인박사 유적지,"San 18, Donggurim-ri, Gunseo-myeon, 영암",전라남도,영암군,역사적인 장소,4
함평 나비축제,"1153-2 Suho-ri, Hampyeong-eup, 함평",전라남도,함평군,문화 행사,4
모래미해수욕장,"백수읍 해안로, 영광",전라남도,영광군,해변,X
불갑사,"8, Moak-ri, Bulgap-myeon, 영광",전라남도,영광군,종교적인 장소,4.5
백양사,"26, Yaksu-ri, Bukha-myeon, 장성",전라남도,장성군,종교적인 장소,4.5
신지 명사십리해수욕장,"신지면 명사십리길 85-105, 완도, 전라남도",전라남도,완도군,해변,4.5
운림산방,"64, Sacheon-ri, 진도",전라남도,진도군,역사적인 장소,4
쌍계사,"208, Unsu-ri, Hwagae-myeon, 하동",경상남도,하동군,종교적인 장소,4.5
진도타워,"군내면 만금길 112-41, 진도",전라남도,진도군,즐길거리 & 랜드마크 • 전망대 & 타워,4.5
진도 신비의 바닷길,"Cheolmagil 25, Jindo eup, 진도",전라남도,진도군,문화 행사,4.5
장전미술관,"임회면 하미길 39, 진도",전라남도,진도군,아트뮤지엄,4
홍도,"신안군, 신안, 전라남도",전라남도,진도군,섬,4
흑산도,"Dadohae National Marine Park, 신안",전라남도,신안군,섬,5
국립 5ㆍ18 민주묘지,"북구 민주로 200, 광주",광주광역시,북구,역사적인 장소,4
국립광주박물관,"북구 하서로 110, 광주",광주광역시,북구,전문 박물관,4.5
경상북도 수목원,"북구 죽장면 수목원로 647, 포항",경상북도,포항시,공원 • 가든,4
보경사,"송라면 중산리 622, 포항",경상북도,포항시,종교적인 장소,4
내연산 군립공원,"북구 송라면 보경로 523, 포항, 경상북도",경상북도,포항시,국립공원,4.5
괘릉,"17, SanGwaereung-ri, Oedong-eup, 경주, 경상북도",경상북도,경주시,역사적인 장소,4
감은사지,"55-1, Yongdang-ri, Yangbuk-myeon, 경주",경상북도,경주시,역사적인 장소,4
국립경주박물관,"일정로 186, 경주, 경상북도",경상북도,경주시,전문 박물관,4.5
탑골공원,"종로구 종로2가, 서울",서울시,종로구,공원,3.5
포석정,"816 Namsansunhwan-ro, Bae-dong, 경주",경상북도,경주시,역사적인 장소,3.5
석빙고,"인왕동 449-1, 경주",경상북도,경주시,역사적인 장소,3.5
대릉원,"계림로 9, 경주",경상북도,경주시,즐길거리 & 랜드마크 • 기념비 및 동상,4
문무대왕릉,"양북면 봉길리 26, 경주",경상북도,경주시,역사적인 장소,3.5
분황사,"구황동 321, 경주",경상북도,경주시,역사적인 장소 • 종교적인 장소,4
황룡사지,"구황동 320-1, 경주",경상북도,경주시,역사적인 장소,4
서출지,"남산1길 17, 경주",경상북도,경주시,역사적인 장소 • 즐길거리 & 랜드마크,3.5
석굴암,"진현동 999, 경주",경상북도,경주시,역사적인 장소 • 종교적인 장소 • 기념비 및 동상,4
불국사,"불국로 385, 경주",경상북도,경주시,역사적인 장소 • 종교적인 장소,4.5
신라역사과학관,"하동공예촌길 33, 경주, 경상북도",경상북도,경주시,역사박물관,4.5
양동마을,"강동면 양동리, 경주",경상북도,경주시,역사적인 장소,4
독락당,"안강읍 옥산서원길 300-3, 경주",경상북도,경주시,건축물,4
옥산서원,"안강읍 옥산서원길 216-27, 경주",경상북도,경주시,역사적인 장소,4.5
첨성대,"140-25 Cheomseong-ro, 경주",경상북도,경주시,역사적인 장소,4
직지사,"대항면 운수리 216, 김천",경상북도,안동시,종교적인 장소,4.5
도산서원,"154, Dosanseowon-gil, 안동",경상북도,안동시,역사적인 장소,4.5
하회마을,"풍천면 하회리, 안동",경상북도,안동시,역사적인 장소 • 유서 깊은 산책로,4.5
병산서원,"풍천면 병산길 386, 안동",경상북도,안동시,역사적인 장소,4.5
봉정사,"222, Bongjeongsa-gil, 안동",경상북도,안동시,종교적인 장소,4.5
부석사,"부석면 부석사로 345, 영주",경상북도,영주시,종교적인 장소,5
소수서원,"순흥면 소백로 2740, 영주",경상북도,영주시,역사적인 장소,4.5
선비촌,"357, Cheonggu-ri, Sunheung-myeon, 영주",경상북도,영주시,인근 지역,4
소백산 국립공원,"단양군 단양읍, 영주, 경상북도",경상북도,영주시,국립공원,5
은해사,"청통면, 영천, 경상북도",경상북도,영천시,종교적인 장소,4.5
문장대,"Jangam-ri, Hwabuk-myeon, 상주, 경상북도",경상북도,상주시,하이킹 트레일,4.5
경천대,"사벌면 경천로 652, 상주",경상북도,상주시,즐길거리 & 랜드마크,4
상주 자전거박물관,"용마로 415, 상주",경상북도,상주시,전문 박물관,4
동학사,"반포면 동학사1로 462, 공주",충청남도,공주시,역사적인 장소 • 종교적인 장소 • 경관이 좋은 산책로,4
석탄박물관,"성주면 성주산로 508, 보령, 충청남도",충청남도,보령시,전문 박물관,4
문경 철로 자전거,"마성면, 문경, 경상북도",경상북도,문경시,철경 철도선로,4.5
고모산성,"마성면 문경대로 1356, 문경",경상북도,문경시,역사적인 장소 • 성 • 군사 기지 및 시설,4
문경새재도립공원,"문경읍 새재로 932, 문경",경상북도,문경시,역사적인 장소 • 유서 깊은 산책로,4.5
문경 활공랜드,"문경읍 활공장길 80, 문경",경상북도,문경시,"랜드마크, 체험공간",5
익산 왕궁리 오층석탑,"왕궁면 궁성로 674, 익산",전라북도,익산시,역사적인 장소 • 즐길거리 & 랜드마크,5
고운사,"415, 고운사길, 단천면, 의성, 경상북도",경상북도,의성군,종교적인 장소,4.5
제오리 공룡 발자국 화석,경상북도 의성군 금성면,경상북도,의성군,즐길거리 & 랜드마크 • 공원 • 경관이 좋은 산책로,4
금성산 고분군,"금성면 대리리 378-1, 의성",경상북도,의성군,역사적인 장소 • 고대 유적,4
주왕산 국립공원,"주왕산면 공원길 169-7, 청송, 경상북도",경상북도,청송군,국립공원,4.5
주산지,"부동면 주산지길 163, 청송, 경상북도",경상북도,청송군,물길,4
송소 고택,"파천면 송소고택길 15-2, 청송, 경상북도",경상북도,청송군,호텔,5
청송 얼음골,"부동면 팔각산로, 청송",경상북도,청송군,계곡,5
주실마을,"일월면 주곡리, 영양",경상북도,영양군,역사적인 장소 • 인근 지역 • 즐길거리 & 랜드마크,5
괴시리 전통마을,"16-1, Hojimaeul 1-gil, Yeonghae-myeon, 영덕, 경상북도",경상북도,영덕군,역사적인 장소 • 인근 지역,4
영덕 해맞이 공원,"영덕읍 창포리 산5-5번지, 영덕",경상북도,영덕군,공원,4.5
삼사 해상공원,"강구면 해상공원길 120-7, 영덕",경상북도,영덕군,즐길거리 & 랜드마크 • 공원,4
대가야박물관,"대가야읍 가야금길 98, 고령",경상북도,고령군,전문 박물관 • 아트뮤지엄 • 역사박물관,4.5
운문사,"264 Unmunsa-gil, Unmun-myeon, 청도, 경상북도",경상북도,청도군,종교적인 장소,4.5
개실마을,"쌍림면 개실1길 29, 고령",경상북도,고령군,역사적인 장소 • 즐길거리 & 랜드마크,5
천주교 계산 주교좌 성당,"중구 서성로 10, 대구",대구광역시,중구,종교적인 장소,4
낙동강 옛 철교,"생림면 마사로473번길 41, 김해",경상북도,김해시,철경 철도선로,4.5
삼강주막,경북 예천군 풍양면 삼강리길 91,경상북도,예천군,역사건축물,5
용문사,"용문면 신점리 625, 양평, 경기도",경기도,양평군,종교적인 장소,4.5
청량산과 청량사,"봉화, 경상북도",경상북도,봉화군,종교적인 장소,4.5
봉화의 약수,"247, Bukgok-ri, Myeongho-myeon, 봉화",경상북도,봉화군,"랜드마크, 체험공간",4.5
덕구온천 스파월드,경북 울진군 북면 덕구온천로 924,경상북도,울진군,온열 스파,4.5
망양정과 망양해수욕장,경북 울진군 근남면 산포리,경상북도,울진군,역사적인 장소 • 건축물,4.5
불영사와 불영계곡,"716-1, Sanpo-ri, Geunnam-myeon, 울진",경상북도,울진군,종교적인 장소,4.5
성류굴,"근남면 성류굴로 225, 울진",경상북도,울진군,동굴,4.5
독도박물관,"울릉읍 약수터길 90-17, 울릉",경상북도,울릉군,전문 박물관 • 역사박물관,4
울릉도,경북 울릉군 서면 도동1길 5-3,경상북도,울릉군,섬,4.5
문신미술관,"추산동, 창원, 경상남도",경상남도,창원시,전문 박물관,4
진주성,"본성동, 진주, 경상남도",경상남도,진주시,역사적인 장소 • 성,4.5
국립진주박물관,"남강로 626-35, 진주",경상남도,진주시,역사박물관,4
경상남도수목원,"이반성면 수목원로 386, 진주",경상남도,창원시,공원 • 산림,4.5
돝섬해상유원지,"마산합포구 해안대로 150, 창원, 경상남도",경상남도,창원시,섬,4.5
여좌천,"여좌동, 창원",경상남도,창원시,물길 • 유서 깊은 산책로,4.5
장복산,"진해구 태백서로 40-5, 창원",경상남도,창원시,산 • 하이킹 트레일 • 산림,4
창원 해양공원,"진해구 명동로 62, 창원",경상남도,창원시,공원,4
진해 군항제,"Jinhae Jungwon Rotary Intersection and Jinhae area, 창원",경상남도,창원시,문화 행사,4.5
안민도로,"진해구 경화동, 창원",경상남도,창원시,경관이 좋은 산책로,4.5
해저터널,"통영, 경상남도",경상남도,통영시,즐길거리 & 랜드마크,3.5
통영 수산과학관,"산양읍 척포길 628-111, 통영",경상남도,통영시,과학박물관,4
통영 남망산국제조각공원,"남망공원길 29, 통영, 경상남도",경상남도,통영시,공원,3.5
세병관,"세병로 27, 통영",경상남도,통영시,즐길거리 & 랜드마크,4.5
통영 옻칠미술관,"용남면 용남해안로 36, 통영, 경상남도, 대한민국",경상남도,통영시,아트뮤지엄,5
박경리기념관,"산양읍 산양중앙로 173, 통영",경상남도,통영시,역사박물관,5
다솔사,"사천, 경상남도",경상남도,사천시,종교적인 장소,4.5
수로왕비릉,"가락로 190번길 1, 김해",경상남도,김해시,역사적인 장소 • 묘지,4
구지봉,"구산동 산 81-2, 김해",경상남도,김해시,역사적인 장소 • 기념비 및 동상,3.5
수로왕릉,"가락로93번길 26, 김해",경상남도,김해시,역사적인 장소,4
국립김해박물관,"가야의길 190, 김해",경상남도,김해시,역사박물관,4.5
대성동 고분박물관,"가야의길, 126, 김해, 경상남도, 대한민국",경상남도,김해시,역사박물관,4
봉황동 유적,"봉황동 253번지, 김해",경상남도,김해시,역사적인 장소,4
클레이아크 김해미술관,"진례면 진례로 275-51, 김해",경상남도,김해시,아트뮤지엄,4
표충사,"23, Gucheon-ri, Danjang-myeon, 밀양",경상남도,밀양시,종교적인 장소,4.5
영남루,"중앙로 324, 밀양",경상남도,밀양시,역사적인 장소,4.5
밀양 얼음골,"산내면 산내로 1647, 밀양",경상남도,밀양시,즐길거리 & 랜드마크 • 미스테리한 장소 • 경관이 좋은 산책로,4
학동 몽돌해수욕장,"거제시 동부면 학동6길 18-1, 거제, 경상남도",경상남도,거제시,해변,4
거제 포로수용소 유적공원,"계룡로61, 거제, 경상남도",경상남도,거제시,군사 박물관 • 즐길거리 & 랜드마크,4
외도 해상농원,"일운면 와현리 산 109, 거제",경상남도,거제시,기타 야외 활동,4.5
바람의 언덕,"남부면, 거제",경상남도,거제시,즐길거리 & 랜드마크 • 경관이 좋은 산책로,4
신선대,"남부면 갈곶리, 거제",경상남도,거제시,유서 깊은 산책로,4.5
옥포대첩기념공원,"옥포동 1, 거제",경상남도,거제시,공원,4
함안박물관,"가야읍 도항리 748, 함안",경상남도,함안군,전문 박물관,4.5
고분군,"가야읍 도항리 748, 함안",경상남도,함안군,전문 박물관,4.5
통도사,"하북면 통도사로 108, 양산",경상남도,양산시,종교적인 장소,4.5
창녕박물관,"창녕읍 창밀로 34, 창녕",경상남도,창녕군,역사박물관,4
관룡사,"창녕읍 옥천리 292, 창녕",경상남도,창녕군,즐길거리 & 랜드마크,4
우포늪,"유어면, 창녕",경상남도,창녕군,자연 & 야생동물 서식지,4.5
고성 공룡박물관,"하이면 자란만로 618, 고성",경상남도,고성군,전문 박물관,4
상족암군립공원,"하이면 덕명5길 42-23, 고성",경상남도,고성군,고대 유적 • 국립공원,4.5
지족리 죽방렴,"삼동면 지족리, 남해",경상남도,남해군,즐길거리 & 랜드마크,X
금산 보리암,"상주면 보리암로 665, 남해",경상남도,남해군,즐길거리 & 랜드마크,4.5
다랭이마을,"남면 남면로679번길 21, 남해",경상남도,남해군,즐길거리 & 랜드마크,4
충렬사,"여황로 251, 통영",경상남도,통영시,역사적인 장소 • 즐길거리 & 랜드마크 • 종교적인 장소,4
"월포, 두곡 해수욕장","북구 청하면 해안로2308번길, 포항",경상남도,포항시,해변,X
쌍계사,"208, Unsu-ri, Hwagae-myeon, 하동",경상남도,하동군,종교적인 장소,4.5
소설  『토지』 촬영장(최 참판 댁),"악양면 평사리길 66-7, 하동, 경상남도",경상남도,하동군,즐길거리 & 랜드마크,4.5
목면시배유지,"단성면 목화로 887, 산청",경상남도,산청시,역사적인 장소 • 즐길거리 & 랜드마크,3.5
대원사와 대원계곡,"삼장면 대원사길, 산청, 경상남도",경상남도,산청시,물길 • 계곡,X
남사 예담촌,"단성면 지리산대로2897번길 10, 산청",경상남도,산청시,인근 지역,4
지리산 국립공원,"하동, 경상남도",경상남도,하동군,국립공원,4
황매산 군립공원,"합천, 경상남도",경상남도,합천군,공원,4.5
수승대,"위천면 황산1길 199, 거창",경상남도,거창군,즐길거리 & 랜드마크 • 공원,4.5
해인사,"가야면 해인사길 122, 합천",경상남도,합천군,역사적인 장소 • 종교적인 장소,4.5
합천 영상테마파크,"용주면 합천호수로 757, 합천",경상남도,합천군,놀이공원 & 테마파크,4.5
가야산 국립공원,경남 합천군 가야면,경상남도,합천군,국립공원,4.5
바람흔적미술관,"삼동면 금암로 519-4, 남해",경상남도,남해군,아트뮤지엄,4
민주공원,"중구 영주동 산 10-16, 부산",부산광역시,중구,공원,4.5
자갈치시장,"중구 남포동, 부산",부산광역시,중구,벼룩시장 & 재래시장,4
보수동 책방골목,"중구 보수동 1가, 부산",부산광역시,중구,특산물 & 기념품 가게,4
용두산공원,"중구 용두산길 37-55, 부산",부산광역시,중구,즐길거리 & 랜드마크 • 공원,4
부산타워,"중구 용두산길 37-30, 부산",부산광역시,중구,전망대 & 타워,4
BIFF 광장,"중구 남포동, 부산",부산광역시,중구,즐길거리 & 랜드마크,4
태종대,"영도구 동삼동, 부산",부산광역시,영도구,전망대,4.5
복천박물관,"동래구 복천로 63, 부산",부산광역시,동래구,역사박물관,4.5
이기대,"남구 용호동 산122, 부산",부산광역시,남구,공원 • 경관이 좋은 산책로,4.5
해운대,"해운대구, 부산",부산광역시,해운대구,해변,4
송정해수욕장,"해운대구 송정동 712-2, 부산",부산광역시,해운대구,해변,4
해운대 달맞이길,"해운대구 좌동순환로, 부산",부산광역시,해운대구,즐길거리 & 랜드마크,4.5
청사포,"해운대구 해운대해변로359번길 27, 부산",부산광역시,해운대구,즐길거리 & 랜드마크 • 경관이 좋은 산책로,4.5
누리마루 APEC 하우스,"해운대구 동백로 116, 부산",부산광역시,해운대구,즐길거리 & 랜드마크 • 건축물 • 전망대 • 기념비 및 동상,4
SEA LIFE 부산아쿠아리움,"해운대구 해운대해변로 266, 부산",부산광역시,해운대구,수족관,4
김성종 추리문학관,"해운대구 달맞이길117번나길 111, 부산",부산광역시,해운대구,도서관,4.5
부산국제영화제,"부산 해운대구 수영강변대로 120, 부산",부산광역시,해운대구,문화 행사,4
낙동강하구에코센터,"사하구 낙동남로 1240, 부산",부산광역시,사하구,즐길거리 & 랜드마크,4.5
금강 공원,"동래구 우장춘로 155, 부산",부산광역시,동래구,공원,4
범어사,"금정구 청룡동 546, 부산",부산광역시,금정구,종교적인 장소,4.5
광안대교,부산 수영구 민락동,부산광역시,수영구,즐길거리 & 랜드마크 • 브리지,4.5
해동용궁사,"기장군 기장읍 용궁길 86, 부산",부산광역시,기장군,종교적인 장소,4.5
기장시장,"기장읍 읍내로104번길 16, 부산",부산광역시,기장군,벼룩시장 & 재래시장,4
장안사,"기장군 장안읍 장안로 482, 부산",부산광역시,기장군,역사적인 장소 • 즐길거리 & 랜드마크 • 종교적인 장소,4
장생포 고래박물관,"남구 장생포고래로244, 울산",울산광역시,남구,전문 박물관,4
주전 몽돌해변,"동구 동해안로 653 (주전동), 울산",울산광역시,동구,해변,5
대왕암 공원,"동구, 일산동, 울산",울산광역시,동구,공원,4.5
자수정 동굴나라,"상북면 자수정로 212, 울산",울산광역시,울주군,놀이공원 & 테마파크 • 동굴,4
태화강 십리대밭,"중구 태화동 107, 울산",울산광역시,중구,공원,4.5
간절곶,"울주군 서생면 대송리, 울산",울산광역시,울주군,전망대 & 타워,4.5
서생포왜성,"울주군 서생면 서생리, 울산",울산광역시,울주군,역사적인 장소,4
울산 암각화 박물관,"두동면 반구대안길 254, 울산",울산광역시,울주군,전문 박물관,4.5
팔공산케이블카,"동구 팔공산로 185길 51, 대구",대구광역시,동구,전차,4.5
천주교 대구대교구 주교좌 계산성당,"중구 서성로 10, 대구",대구광역시,중구,종교적인 장소,4
함덕 서우봉 해변,"조천읍 함덕리, 제주",제주특별자치시,제주시,해변,4.5
용눈이 오름,"구좌읍 종달리 산28, 제주",제주특별자치시,제주시,화산,4.5
우도,"우도면, 제주",제주특별자치시,제주시,섬,4.5
용두암,"용두암길 15, 제주",제주특별자치시,제주시,즐길거리 & 랜드마크 • 지층,3.5
제주 민속자연사박물관,"삼성로 40, 제주",제주특별자치시,제주시,역사박물관,4
방림원,"한경면 저지리 예술인마을, 제주",제주특별자치시,제주시,전문 박물관,4
북촌 돌하르방공원,"조천읍 북촌리 976, 제주",제주특별자치시,제주시,공원,4
만장굴,"구좌읍 김령리 3341-3, 제주",제주특별자치시,제주시,동굴,4
산굼부리,"조천읍 교리 산38, 제주",제주특별자치시,제주시,자연 & 야생동물 서식지,4
해녀박물관,"3204-1 구좌읍 하도리, 제주",제주특별자치시,제주시,전문 박물관,4
비자림,"구좌읍 비자숲길, 제주",제주특별자치시,제주시,공원 • 산림,4.5
김녕 미로공원,"구좌읍 만장굴길 122, 제주",제주특별자치시,제주시,즐길거리 & 랜드마크 • 가든,4
평화박물관,"한경면 청수서5길 63, 제주",제주특별자치시,제주시,군사 박물관 • 역사박물관,4
협재,"한림읍 협재리 2497-1, 제주",제주특별자치시,제주시,해변,4.5
금능해수욕장,"한림읍 금능길 119-10, 제주",제주특별자치시,제주시,해변,4.5
새별오름,"애월읍 봉성리 산59-8, 제주",제주특별자치시,제주시,산,4.5
한라산 국립공원,제주특별자치도 서귀포시 토평동 산15-1,제주특별자치시,제주시,산 • 국립공원 • 산림,4.5
어승생오름,제주 제주시 해안동 산220-12,제주특별자치시,제주시,경관이 좋은 산책로,5
생각하는 정원,제주 제주시 한경면 녹차분재로 675 생각하는정원,제주특별자치시,제주시,전문 박물관 • 공원 • 커피숍 • 가든,4.5
항파두리 항몽유적지,"한경면 녹차분재로 675, 제주",제주특별자치시,제주시,역사적인 장소 • 고대 유적 • 즐길거리 & 랜드마크,4
삼성혈,제주 제주시 삼성로 22,제주특별자치시,제주시,역사적인 장소,3.5
제주 관덕정,제주 제주시 관덕로 19 관덕정,제주특별자치시,제주시,역사적인 장소 • 건축물,3.5
제주돌문화공원,제주특별자치도 제주시 조천읍 남조로 2023 교래자연휴양림,제주특별자치시,제주시,공원 • 교육적인 장소,4
아부오름,"좌읍 송당리 산164-1, 제주",제주특별자치시,제주시,화산,4.5
한림공원,"한림읍 한림로 300, 제주",제주특별자치시,제주시,공원 • 가든,4
섭지코지,"성산읍 신양리, 서귀포",제주특별자치시,서귀포시,전망대,4.5
김영갑 갤러리,제주 서귀포시 성산읍 삼달로 137,제주특별자치시,서귀포시,아트뮤지엄,4.5
김영갑 갤러리 두모악,제주 서귀포시 성산읍 삼달로 137,제주특별자치시,서귀포시,아트뮤지엄,4.5
세리월드,"법환상로2번길 97-13, 서귀포",제주특별자치시,서귀포시,놀이공원 & 테마파크,4
성산일출봉,제주 서귀포시 성산읍 성산리 1,제주특별자치시,서귀포시,산 • 지층,4.5
테디베어뮤지엄,"중문관광로110번길 31, 서귀포",제주특별자치시,서귀포시,전문 박물관,4
소인국 테마파크,제주 서귀포시 안덕면 중산간서로 1878,제주특별자치시,서귀포시,놀이공원 & 테마파크,3.5
천지연폭포,"천지동, 서귀포",제주특별자치시,서귀포시,폭포,4
대포 주상절리,"이어도로 36-24, 서귀포",제주특별자치시,서귀포시,지층 • 경관이 좋은 산책로,4.5
정방폭포,"동홍동, 서귀포, 제주도",제주특별자치시,서귀포시,폭포,4.5
산방산,"안덕면, 서귀포",제주특별자치시,서귀포시,산,4.5
산방굴사,제주 서귀포시 안덕면 산방로 218-12,제주특별자치시,서귀포시,종교적인 장소,4
용머리해안,"안덕면 사계리 112-3, 서귀포",제주특별자치시,서귀포시,해변,4.5
성읍민속마을,"표선면 성읍리, 서귀포시, 제주",제주특별자치시,서귀포시,역사적인 장소 • 전쟁터 유적지,3.5
여미지식물원,제주 서귀포시 중문관광로 93,제주특별자치시,서귀포시,공원 • 가든,4
외돌개,제주 서귀포시 서홍동 791,제주특별자치시,서귀포시,지층,4
신영 영화박물관,"남원읍 태위로 536, 서귀포",제주특별자치시,서귀포시,전문 박물관,3.5
아프리카박물관,"서귀포시 이어도로 49, 서귀포",제주특별자치시,서귀포시,아트뮤지엄,4
퍼시픽랜드,"서귀포시 색달동 2950-5 중문관광단지 내, 서귀포",제주특별자치시,서귀포시,놀이공원 & 테마파크,4
제주민속촌박물관,"표선면 민속해안로 631-34, 서귀포",제주특별자치시,서귀포시,아트뮤지엄,4
오설록뮤지엄,"안덕면 신화역사로 15, 서귀포",제주특별자치시,서귀포시,전문 박물관,4
송악산,"대정읍 송악관광로 421-1, 서귀포",제주특별자치시,서귀포시,산,4.5
알뜨르 비행장,제주 서귀포시 대정읍 상모리,제주특별자치시,서귀포시,역사적인 장소 • 군사 기지 및 시설,4.5
이중섭 미술관,제주 서귀포시 이중섭로 27-3,제주특별자치시,서귀포시,아트뮤지엄,4
쇠소깍,"쇠소깍로 140, 서귀포",제주특별자치시,서귀포시,물길,4
휴애리 자연생활공원,"남원읍 신례동로 256, 서귀포",제주특별자치시,서귀포시,공원,4
제주 감귤박물관,"효돈순환로 441, 서귀포",제주특별자치시,서귀포시,전문 박물관,4
